0,1,2,3,4,5,6,7,8,9,10,11,12,13,14,15,16,17,18,19,20,21,22,23,24,25,26,27,28,29,30,31,32,33,34,35,36,37,38,39,40,41,42,43,44,45,46,47,48,49,50,51,52,53,54,55,56,57,58,59,60,61,62,63,64,65,66,67,68,69,70,71,72,73,74,75,76,77,78,79,80,81,82,83,84,85,86,87,88,89,90,91,92,93,94,95,96,97,98,99
-0.8479043139002898,-0.8137673208469671,-0.06037122420360386,-0.04523471753553809,-0.03831286074704046,-0.034568220693467724,-0.03240021758103488,-0.031103535999351603,-0.030314708063562824,-0.029830304927190167,-0.02953123357722923,-0.029345996834714966,-0.02923104586626574,-0.029159628200292734,-0.029115225410486594,-0.029087606462997424,-0.029070422512746226,-0.02905972918905701,-0.029053074185818456,-0.029048932164496753,-0.02904635409800367,-0.029044749423597617,-0.029043750605049008,-0.0290431288911995,-0.029042741903516373,-0.029042501020934454,-0.029042351081909626,-0.02904225775119156,-0.02904219965670318,-0.02904216349528088,-0.029042140986279347,-0.029042126975346423,-0.029042118254112466,-0.02904211282549978,-0.029042109446409455,-0.029042107343063263,-0.029042106033815848,-0.029042105218862593,-0.029042104711587344,-0.029042104395829133,-0.02904210419928249,-0.0290421040769402,-0.0290421040007871,-0.02904210395338489,-0.029042103923878945,-0.029042103905512696,-0.029042103894080448,-0.029042103886964342,-0.029042103882534857,-0.029042103879777677,-0.029042103878061446,-0.029042103876993165,-0.029042103876328204,-0.029042103875914292,-0.02904210387565665,-0.02904210387549628,-0.02904210387539645,-0.02904210387533431,-0.029042103875295634,-0.029042103875271556,-0.02904210387525657,-0.029042103875247242,-0.029042103875241435,-0.02904210387523782,-0.02904210387523557,-0.02904210387523417,-0.0290421038752333,-0.029042103875232754,-0.029042103875232417,-0.02904210387523221,-0.02904210387523208,-0.029042103875231998,-0.02904210387523195,-0.029042103875231914,-0.029042103875231897,-0.029042103875231887,-0.02904210387523188,-0.029042103875231873,-0.029042103875231866,-0.029042103875231866,-0.029042103875231866,-0.029042103875231866,-0.029042103875231866,-0.029042103875231866,-0.029042103875231866,-0.029042103875231866,-0.029042103875231866,-0.029042103875231866,-0.029042103875231866,-0.029042103875231866,-0.029042103875231866,-0.029042103875231866,-0.029042103875231866,-0.029042103875231866,-0.029042103875231866,-0.029042103875231866,-0.029042103875231866,-0.029042103875231866,-0.029042103875231866,-0.029042103875231866
-0.8294188730624712,-0.8072581202883392,-0.060409475135163634,-0.04525231535352536,-0.03832240539382623,-0.034573734731414035,-0.032422370088164405,-0.031121470506045294,-0.030325696271075342,-0.029837341446442275,-0.029535587299787655,-0.0293486967869681,-0.02923272260098303,-0.029160670403316276,-0.02911587356111941,-0.029088009686634962,-0.02907067341643694,-0.02905988533285562,-0.0290531713659902,-0.02904899265016843,-0.02904639174592459,-0.02904477285714189,-0.02904376519118463,-0.02904313797036233,-0.029042747554882065,-0.029042504538662743,-0.029042353271545827,-0.02904225911414849,-0.029042200505087448,-0.0290421640233652,-0.029042141314990208,-0.02904212717995551,-0.029042118381473282,-0.0290421129047767,-0.02904210949575611,-0.029042107373779553,-0.02904210605293549,-0.029042105230763796,-0.029042104718995362,-0.029042104400440326,-0.029042104202152766,-0.02904210407872683,-0.029042104001899202,-0.02904210395407713,-0.029042103924309837,-0.02904210390578091,-0.0290421038942474,-0.029042103887068266,-0.02904210388259954,-0.029042103879817944,-0.029042103878086513,-0.029042103877008767,-0.02904210387633791,-0.029042103875920336,-0.02904210387566041,-0.029042103875498618,-0.029042103875397907,-0.029042103875335214,-0.029042103875296196,-0.02904210387527191,-0.02904210387525679,-0.029042103875247378,-0.029042103875241518,-0.029042103875237868,-0.029042103875235606,-0.029042103875234197,-0.029042103875233316,-0.029042103875232768,-0.029042103875232428,-0.029042103875232213,-0.02904210387523208,-0.029042103875231998,-0.02904210387523195,-0.029042103875231918,-0.0290421038752319,-0.029042103875231887,-0.02904210387523188,-0.029042103875231873,-0.029042103875231866,-0.029042103875231866,-0.029042103875231866,-0.029042103875231866,-0.029042103875231866,-0.029042103875231866,-0.029042103875231866,-0.029042103875231866,-0.029042103875231866,-0.029042103875231866,-0.029042103875231866,-0.029042103875231866,-0.029042103875231866,-0.029042103875231866,-0.029042103875231866,-0.029042103875231866,-0.029042103875231866,-0.029042103875231866,-0.029042103875231866,-0.029042103875231866,-0.029042103875231866,-0.029042103875231866
0.7451187160562013,0.5323590129079431,-0.05710372415819012,-0.0437042933809567,-0.03747696087103433,-0.03408360257018146,-0.03211076404495291,-0.030927767669262543,-0.03020693681349708,-0.029763840572635994,-0.029490098414039573,-0.02932048254129173,-0.02921519918822906,-0.0291497777746232,-0.029109099363698043,-0.029083795265458214,-0.029068050978286776,-0.029058253307752087,-0.02905215562687562,-0.029048360444492674,-0.029045998243132844,-0.029044527925223863,-0.029043612733958304,-0.02904304307307501,-0.02904268848562013,-0.02904246777061997,-0.029042330385000578,-0.029042244868230434,-0.02904219163759274,-0.02904215850371422,-0.029042137879233446,-0.02904212504133723,-0.0290421170502706,-0.029042112076157256,-0.02904210897997424,-0.029042107052726328,-0.029042105853092918,-0.029042105106369925,-0.029042104641565234,-0.02904210435224322,-0.02904210417215203,-0.02904210406005259,-0.02904210399027525,-0.029042103946841695,-0.02904210391980607,-0.02904210390297749,-0.02904210389250239,-0.029042103885982065,-0.029042103881923426,-0.02904210387939709,-0.029042103877824545,-0.0290421038768457,-0.02904210387623641,-0.02904210387585715,-0.029042103875621082,-0.029042103875474137,-0.02904210387538267,-0.029042103875325735,-0.029042103875290295,-0.029042103875268233,-0.0290421038752545,-0.029042103875245952,-0.02904210387524063,-0.02904210387523732,-0.029042103875235262,-0.029042103875233982,-0.029042103875233184,-0.029042103875232685,-0.029042103875232376,-0.029042103875232178,-0.02904210387523206,-0.029042103875231984,-0.029042103875231935,-0.02904210387523191,-0.029042103875231894,-0.02904210387523188,-0.029042103875231873,-0.029042103875231866,-0.029042103875231866,-0.029042103875231866,-0.029042103875231866,-0.029042103875231866,-0.029042103875231866,-0.029042103875231866,-0.029042103875231866,-0.029042103875231866,-0.029042103875231866,-0.029042103875231866,-0.029042103875231866,-0.029042103875231866,-0.029042103875231866,-0.029042103875231866,-0.029042103875231866,-0.029042103875231866,-0.029042103875231866,-0.029042103875231866,-0.029042103875231866,-0.029042103875231866,-0.029042103875231866,-0.029042103875231866
-0.029847530878729635,0.49735321570400237,-0.05623589348391107,-0.04328880168663767,-0.037248036172193674,-0.0339502926862997,-0.0320309434373662,-0.030879227207138628,-0.030177148768585686,-0.029745460109866603,-0.029478718967455644,-0.029313422975179436,-0.029210814019809725,-0.029147051709162285,-0.029107403632804184,-0.02908274026920534,-0.029067394490153973,-0.029057844749639825,-0.02905190134668594,-0.029048202177076297,-0.029045899732697944,-0.029044466608264763,-0.02904357456733472,-0.029043019316171266,-0.029042673698017267,-0.029042458565978695,-0.029042324655501273,-0.02904224130185615,-0.029042189417672122,-0.02904215712190482,-0.029042137019113637,-0.029042124505947765,-0.029042116717012484,-0.02904211186871765,-0.029042108850851525,-0.02904210697235269,-0.0290421058030636,-0.02904210507522871,-0.029042104622181097,-0.02904210434017738,-0.029042104164641543,-0.029042104055377615,-0.029042103987365266,-0.029042103945030345,-0.029042103918678577,-0.029042103902275677,-0.02904210389206554,-0.02904210388571014,-0.029042103881754166,-0.02904210387929173,-0.029042103877758962,-0.02904210387680488,-0.029042103876211,-0.029042103875841337,-0.029042103875611236,-0.029042103875468007,-0.029042103875378852,-0.029042103875323355,-0.029042103875288813,-0.029042103875267313,-0.029042103875253928,-0.029042103875245598,-0.02904210387524041,-0.029042103875237184,-0.029042103875235176,-0.029042103875233923,-0.029042103875233146,-0.029042103875232664,-0.029042103875232362,-0.02904210387523217,-0.029042103875232053,-0.02904210387523198,-0.029042103875231935,-0.02904210387523191,-0.029042103875231894,-0.02904210387523188,-0.029042103875231873,-0.029042103875231866,-0.029042103875231866,-0.029042103875231866,-0.029042103875231866,-0.029042103875231866,-0.029042103875231866,-0.029042103875231866,-0.029042103875231866,-0.029042103875231866,-0.029042103875231866,-0.029042103875231866,-0.029042103875231866,-0.029042103875231866,-0.029042103875231866,-0.029042103875231866,-0.029042103875231866,-0.029042103875231866,-0.029042103875231866,-0.029042103875231866,-0.029042103875231866,-0.029042103875231866,-0.029042103875231866,-0.029042103875231866
-0.0351401440820071,-0.47610430602642007,-0.07011762561848138,-0.04948036777982757,-0.04057123156858078,-0.03586057768058988,-0.03316661428226468,-0.031566998953085554,-0.03059817586043815,-0.03000486243330283,-0.029639169032606244,-0.02941292210698903,-0.02927259794262511,-0.029185451704428694,-0.029131283656423874,-0.029097595942261092,-0.029076638186191467,-0.029063597274842413,-0.029055481556301853,-0.029050430516968137,-0.02904728670811687,-0.02904532991479064,-0.029044111929198865,-0.029043353797684787,-0.029042881897454395,-0.02904258816100162,-0.029042405322877052,-0.02904229151391793,-0.029042220672600157,-0.02904217657681156,-0.029042149128996116,-0.029042132043854883,-0.029042121409052248,-0.02904211478932125,-0.029042110668808362,-0.02904210810395684,-0.029042106507441143,-0.029042105513675073,-0.02904210489509612,-0.029042104510055886,-0.029042104270384,-0.029042104121198,-0.029042104028335784,-0.029042103970532827,-0.029042103934552838,-0.029042103912156756,-0.029042103898216105,-0.02904210388953862,-0.02904210388413724,-0.029042103880775095,-0.0290421038786823,-0.02904210387737962,-0.029042103876568755,-0.02904210387606402,-0.029042103875749847,-0.02904210387555429,-0.02904210387543256,-0.029042103875356787,-0.02904210387530962,-0.02904210387528026,-0.029042103875261988,-0.029042103875250615,-0.029042103875243537,-0.02904210387523913,-0.029042103875236383,-0.029042103875234676,-0.029042103875233614,-0.029042103875232955,-0.029042103875232542,-0.029042103875232286,-0.02904210387523213,-0.02904210387523203,-0.02904210387523197,-0.02904210387523193,-0.029042103875231904,-0.029042103875231894,-0.02904210387523188,-0.029042103875231873,-0.029042103875231866,-0.029042103875231866,-0.029042103875231866,-0.029042103875231866,-0.029042103875231866,-0.029042103875231866,-0.029042103875231866,-0.029042103875231866,-0.029042103875231866,-0.029042103875231866,-0.029042103875231866,-0.029042103875231866,-0.029042103875231866,-0.029042103875231866,-0.029042103875231866,-0.029042103875231866,-0.029042103875231866,-0.029042103875231866,-0.029042103875231866,-0.029042103875231866,-0.029042103875231866,-0.029042103875231866
-0.08210823758169014,-0.4727080021427605,-0.07038009848655864,-0.049588088703931034,-0.040627368826688284,-0.035975299454924684,-0.033234259199469394,-0.03160777145285612,-0.03062306481386551,-0.030020170746872098,-0.029648692051460132,-0.029418807189419645,-0.029276250821536988,-0.029187721482607905,-0.02913269495925958,-0.02909847382455088,-0.02907718440141306,-0.0290639371822388,-0.029055693100221942,-0.0290505621810486,-0.029047368658458732,-0.029045380923533544,-0.029044143679287315,-0.029043373560521585,-0.02904289419889955,-0.0290425958181056,-0.02904241008909531,-0.029042294480688152,-0.029042222519291328,-0.02904217772630069,-0.029042149844505954,-0.0290421324892305,-0.02904212168628039,-0.02904211496188447,-0.02904211077622194,-0.02904210817081742,-0.02904210654905913,-0.029042105539580577,-0.029042104911221243,-0.02904210452009312,-0.02904210427663177,-0.02904210412508698,-0.02904210403075651,-0.029042103972039632,-0.02904210393549076,-0.029042103912740577,-0.02904210389857951,-0.029042103889764824,-0.02904210388427804,-0.029042103880862737,-0.029042103878736854,-0.02904210387741358,-0.02904210387658989,-0.029042103876077183,-0.029042103875758042,-0.02904210387555939,-0.02904210387543573,-0.029042103875358764,-0.02904210387531085,-0.029042103875281028,-0.029042103875262466,-0.029042103875250913,-0.02904210387524372,-0.029042103875239245,-0.02904210387523646,-0.029042103875234725,-0.029042103875233642,-0.02904210387523297,-0.029042103875232553,-0.02904210387523229,-0.02904210387523213,-0.02904210387523203,-0.02904210387523197,-0.02904210387523193,-0.029042103875231904,-0.02904210387523189,-0.02904210387523188,-0.029042103875231873,-0.029042103875231866,-0.029042103875231866,-0.029042103875231866,-0.029042103875231866,-0.029042103875231866,-0.029042103875231866,-0.029042103875231866,-0.029042103875231866,-0.029042103875231866,-0.029042103875231866,-0.029042103875231866,-0.029042103875231866,-0.029042103875231866,-0.029042103875231866,-0.029042103875231866,-0.029042103875231866,-0.029042103875231866,-0.029042103875231866,-0.029042103875231866,-0.029042103875231866,-0.029042103875231866,-0.029042103875231866
-0.0826540145027955,0.49884743751933464,-0.05627793882845853,-0.043309018926155254,-0.037259194946321676,-0.0339567966526141,-0.032034839722941175,-0.030881597316738785,-0.030178603503340735,-0.02974635783898643,-0.029479274793518327,-0.02931376781198223,-0.029211028226445994,-0.029147184874064924,-0.029107486456800623,-0.029082791798335755,-0.02906742655509329,-0.029057864704946423,-0.0290519137665754,-0.029048209907380086,-0.029045904544275962,-0.0290444696031905,-0.02904357643152091,-0.029043020476538457,-0.02904267442029365,-0.029042459015564438,-0.029042324935349362,-0.029042241476049915,-0.02904218952610054,-0.029042157189397056,-0.029042137061124792,-0.029042124532097993,-0.029042116733289935,-0.029042111878849704,-0.02904210885715832,-0.029042106976278414,-0.0290421058055072,-0.02904210507674975,-0.029042104623127882,-0.02904210434076672,-0.029042104165008378,-0.029042104055605956,-0.029042103987507402,-0.029042103945118816,-0.029042103918733648,-0.029042103902309956,-0.029042103892086873,-0.029042103885723418,-0.029042103881762427,-0.029042103879296875,-0.029042103877762165,-0.02904210387680687,-0.02904210387621224,-0.029042103875842107,-0.029042103875611715,-0.029042103875468305,-0.02904210387537904,-0.029042103875323477,-0.02904210387528889,-0.029042103875267358,-0.02904210387525396,-0.02904210387524562,-0.029042103875240425,-0.029042103875237195,-0.029042103875235183,-0.029042103875233927,-0.02904210387523315,-0.029042103875232664,-0.029042103875232362,-0.02904210387523217,-0.029042103875232053,-0.02904210387523198,-0.029042103875231935,-0.02904210387523191,-0.029042103875231894,-0.02904210387523188,-0.029042103875231873,-0.029042103875231866,-0.029042103875231866,-0.029042103875231866,-0.029042103875231866,-0.029042103875231866,-0.029042103875231866,-0.029042103875231866,-0.029042103875231866,-0.029042103875231866,-0.029042103875231866,-0.029042103875231866,-0.029042103875231866,-0.029042103875231866,-0.029042103875231866,-0.029042103875231866,-0.029042103875231866,-0.029042103875231866,-0.029042103875231866,-0.029042103875231866,-0.029042103875231866,-0.029042103875231866,-0.029042103875231866,-0.029042103875231866
-0.5407162326045661,-0.07139507983143235,-0.030699472804496516,-0.029390806230315984,-0.029107993488626242,-0.02904691329999567,-0.029036276172424685,-0.029036318241668496,-0.02903797414957017,-0.029039403902524942,-0.029040391571119734,-0.029041030279125996,-0.029041433706660076,-0.029041686257928637,-0.029041843811801662,-0.029041941968548368,-0.029042003088126093,-0.02904204113770569,-0.029042064823272144,-0.02904207956687821,-0.029042088744247078,-0.029042094456803707,-0.029042098012642105,-0.029042100226007887,-0.02904210160373829,-0.02904210246131949,-0.02904210299512891,-0.029042103327403573,-0.029042103534231034,-0.029042103662972715,-0.029042103743109175,-0.02904210379299086,-0.029042103824040183,-0.029042103843367126,-0.02904210385539736,-0.029042103862885693,-0.02904210386754687,-0.02904210387044827,-0.029042103872254272,-0.029042103873378432,-0.029042103874078178,-0.02904210387451374,-0.029042103874784862,-0.029042103874953623,-0.02904210387505867,-0.029042103875124056,-0.02904210387516476,-0.029042103875190094,-0.029042103875205862,-0.029042103875215677,-0.029042103875221787,-0.029042103875225593,-0.02904210387522796,-0.02904210387522943,-0.029042103875230353,-0.029042103875230922,-0.029042103875231276,-0.029042103875231495,-0.029042103875231633,-0.02904210387523172,-0.029042103875231776,-0.02904210387523181,-0.02904210387523183,-0.029042103875231845,-0.029042103875231852,-0.02904210387523186,-0.02904210387523186,-0.02904210387523186,-0.02904210387523186,-0.02904210387523186,-0.02904210387523186,-0.02904210387523186,-0.02904210387523186,-0.02904210387523186,-0.02904210387523186,-0.02904210387523186,-0.02904210387523186,-0.02904210387523186,-0.02904210387523186,-0.02904210387523186,-0.02904210387523186,-0.02904210387523186,-0.02904210387523186,-0.02904210387523186,-0.02904210387523186,-0.02904210387523186,-0.02904210387523186,-0.02904210387523186,-0.02904210387523186,-0.02904210387523186,-0.02904210387523186,-0.02904210387523186,-0.02904210387523186,-0.02904210387523186,-0.02904210387523186,-0.02904210387523186,-0.02904210387523186,-0.02904210387523186,-0.02904210387523186,-0.02904210387523186
-0.06682029217373849,-0.47392597804546066,-0.0702853345861196,-0.049549236838488143,-0.04060712836697033,-0.03588091939792679,-0.03317861325494882,-0.031574232841714504,-0.030602592253243598,-0.030007579013747378,-0.029640847660764365,-0.029413946620304946,-0.029273233871194522,-0.02918584685392829,-0.02913152935424922,-0.029097748776021636,-0.02907673327907124,-0.029063656450835633,-0.029055518384964556,-0.029050453438994005,-0.029047300975247436,-0.02904533879515117,-0.029044117456727303,-0.0290433572382942,-0.029042884039073586,-0.029042589494064623,-0.029042406152651516,-0.02904229203041761,-0.029042220994099747,-0.029042176776931803,-0.02904214925356276,-0.029042132121392523,-0.02904212145731626,-0.02904211481936363,-0.029042110687508522,-0.029042108115596925,-0.02904210651468662,-0.02904210551818509,-0.029042104897903424,-0.029042104511803314,-0.029042104271471702,-0.029042104121875044,-0.02904210402875721,-0.02904210397079515,-0.029042103934716124,-0.029042103912258393,-0.02904210389827937,-0.029042103889578,-0.02904210388416175,-0.029042103880790357,-0.0290421038786918,-0.029042103877385532,-0.029042103876572436,-0.029042103876066316,-0.029042103875751277,-0.029042103875555177,-0.029042103875433115,-0.029042103875357134,-0.029042103875309838,-0.0290421038752804,-0.029042103875262078,-0.02904210387525067,-0.02904210387524357,-0.02904210387523915,-0.029042103875236397,-0.029042103875234683,-0.02904210387523362,-0.02904210387523296,-0.029042103875232546,-0.029042103875232286,-0.02904210387523213,-0.02904210387523203,-0.02904210387523197,-0.02904210387523193,-0.029042103875231904,-0.02904210387523189,-0.02904210387523188,-0.029042103875231873,-0.029042103875231866,-0.029042103875231866,-0.029042103875231866,-0.029042103875231866,-0.029042103875231866,-0.029042103875231866,-0.029042103875231866,-0.029042103875231866,-0.029042103875231866,-0.029042103875231866,-0.029042103875231866,-0.029042103875231866,-0.029042103875231866,-0.029042103875231866,-0.029042103875231866,-0.029042103875231866,-0.029042103875231866,-0.029042103875231866,-0.029042103875231866,-0.029042103875231866,-0.029042103875231866,-0.029042103875231866
0.7905701918339036,0.5258946325686381,-0.05696076116168836,-0.04363610714498574,-0.03743945025684607,-0.03406177633292851,-0.03209770118772417,-0.03091982596348081,-0.03020206395379243,-0.02976083410201482,-0.029488301162233325,-0.029319367605115915,-0.029214506642432227,-0.029149347255512895,-0.02910883137213336,-0.029083628535835945,-0.029067947228485894,-0.029058188740348354,-0.02905211544118392,-0.029048335432428664,-0.02904598267487426,-0.02904451823490043,-0.029043606702236248,-0.029043039318616022,-0.02904268614863864,-0.02904246631595044,-0.029042329479530435,-0.029042244304613055,-0.02904219128676422,-0.029042158285337877,-0.029042137743303106,-0.029042124956726145,-0.02904211699760365,-0.029042112043374223,-0.029042108959568134,-0.029042107040024356,-0.02904210584518646,-0.029042105101448477,-0.029042104638501834,-0.029042104350336374,-0.029042104170965102,-0.029042104059313775,-0.029042103989815368,-0.029042103946555434,-0.029042103919627884,-0.02904210390286658,-0.02904210389243335,-0.029042103885939086,-0.029042103881896673,-0.029042103879380436,-0.029042103877814175,-0.029042103876839247,-0.029042103876232392,-0.029042103875854652,-0.029042103875619524,-0.029042103875473166,-0.029042103875382065,-0.02904210387532536,-0.029042103875290062,-0.029042103875268087,-0.02904210387525441,-0.029042103875245903,-0.029042103875240602,-0.029042103875237306,-0.029042103875235252,-0.029042103875233975,-0.029042103875233177,-0.029042103875232678,-0.029042103875232372,-0.029042103875232178,-0.02904210387523206,-0.029042103875231984,-0.029042103875231935,-0.02904210387523191,-0.029042103875231894,-0.02904210387523188,-0.029042103875231873,-0.029042103875231866,-0.029042103875231866,-0.029042103875231866,-0.029042103875231866,-0.029042103875231866,-0.029042103875231866,-0.029042103875231866,-0.029042103875231866,-0.029042103875231866,-0.029042103875231866,-0.029042103875231866,-0.029042103875231866,-0.029042103875231866,-0.029042103875231866,-0.029042103875231866,-0.029042103875231866,-0.029042103875231866,-0.029042103875231866,-0.029042103875231866,-0.029042103875231866,-0.029042103875231866,-0.029042103875231866,-0.029042103875231866
0.48757288028704926,0.4933510103426079,-0.05612087552471793,-0.04323345068185977,-0.03721747527795016,-0.03393247698536977,-0.03202026967451015,-0.030872733990347227,-0.030173163201500684,-0.029743000531548262,-0.029477196108089805,-0.02931247817943929,-0.02921022712622935,-0.029146686856491633,-0.029107176706545237,-0.02908259908637213,-0.02906730663650229,-0.029057790074739867,-0.029051867317822402,-0.02904818099705695,-0.029045886549603293,-0.029044458402559273,-0.029043569459707735,-0.02904301613691643,-0.029042671719074077,-0.02904245733417233,-0.02904232388875395,-0.029042240824587923,-0.029042189120592365,-0.02904215693698487,-0.029042136904008534,-0.029042124434299536,-0.02904211667241438,-0.029042111840957154,-0.02904210883357175,-0.029042106961596734,-0.029042105796368456,-0.029042105071061253,-0.02904210461958702,-0.029042104338562674,-0.029042104163636447,-0.029042104054751987,-0.02904210398697584,-0.029042103944787945,-0.029042103918527695,-0.02904210390218176,-0.02904210389200708,-0.029042103885673756,-0.029042103881731514,-0.02904210387927763,-0.02904210387775019,-0.029042103876799417,-0.0290421038762076,-0.02904210387583922,-0.029042103875609918,-0.029042103875467185,-0.02904210387537834,-0.029042103875323036,-0.029042103875288612,-0.029042103875267188,-0.029042103875253848,-0.02904210387524555,-0.029042103875240383,-0.029042103875237167,-0.029042103875235162,-0.029042103875233916,-0.029042103875233143,-0.02904210387523266,-0.029042103875232362,-0.02904210387523217,-0.029042103875232053,-0.02904210387523198,-0.029042103875231935,-0.02904210387523191,-0.029042103875231894,-0.02904210387523188,-0.029042103875231873,-0.029042103875231866,-0.029042103875231866,-0.029042103875231866,-0.029042103875231866,-0.029042103875231866,-0.029042103875231866,-0.029042103875231866,-0.029042103875231866,-0.029042103875231866,-0.029042103875231866,-0.029042103875231866,-0.029042103875231866,-0.029042103875231866,-0.029042103875231866,-0.029042103875231866,-0.029042103875231866,-0.029042103875231866,-0.029042103875231866,-0.029042103875231866,-0.029042103875231866,-0.029042103875231866,-0.029042103875231866,-0.029042103875231866
-0.5158631793926205,-0.501507180962978,-0.06832393267825203,-0.04873494062961671,-0.0401811831183924,-0.03563914335786286,-0.03303586807337854,-0.031488130757388634,-0.030550009594300633,-0.02997522875374501,-0.02962085554206268,-0.02940155772232772,-0.029265543591841386,-0.029181068186439084,-0.029128558003726067,-0.029095900459490856,-0.029075583252618966,-0.02906294079022195,-0.02905507298663225,-0.029050176224262432,-0.029047128431049483,-0.029045231397549876,-0.029044050607697,-0.029043315628113665,-0.029042858138669494,-0.02904257337220981,-0.02904239611748874,-0.02904228578395092,-0.0290422171059337,-0.029042174356708673,-0.029042147747073106,-0.029042131183664298,-0.029042120873618703,-0.02904211445603569,-0.02904211046135167,-0.02904210797482349,-0.029042106427060885,-0.02904210546364163,-0.02904210486395234,-0.029042104490670143,-0.029042104258317165,-0.029042104113686885,-0.029042104023660413,-0.0290421039676226,-0.029042103932741335,-0.029042103911029175,-0.029042103897514236,-0.029042103889101733,-0.029042103883865293,-0.029042103880605817,-0.029042103878576933,-0.029042103877314034,-0.029042103876527926,-0.02904210387603861,-0.029042103875734027,-0.029042103875544442,-0.02904210387542643,-0.02904210387535297,-0.02904210387530725,-0.02904210387527879,-0.029042103875261075,-0.029042103875250046,-0.029042103875243183,-0.02904210387523891,-0.02904210387523625,-0.029042103875234593,-0.029042103875233562,-0.02904210387523292,-0.02904210387523252,-0.029042103875232275,-0.029042103875232123,-0.029042103875232025,-0.029042103875231966,-0.029042103875231925,-0.029042103875231904,-0.02904210387523189,-0.02904210387523188,-0.029042103875231873,-0.029042103875231866,-0.029042103875231866,-0.029042103875231866,-0.029042103875231866,-0.029042103875231866,-0.029042103875231866,-0.029042103875231866,-0.029042103875231866,-0.029042103875231866,-0.029042103875231866,-0.029042103875231866,-0.029042103875231866,-0.029042103875231866,-0.029042103875231866,-0.029042103875231866,-0.029042103875231866,-0.029042103875231866,-0.029042103875231866,-0.029042103875231866,-0.029042103875231866,-0.029042103875231866,-0.029042103875231866
0.5150207108743245,0.5095366932969893,0.006787628067732641,-0.008905829299746142,-0.017293481653755695,-0.022016281279207572,-0.02477617717863516,-0.02642744878273713,-0.02743015821713434,-0.02804471944225407,-0.028423645318642658,-0.028658030299154424,-0.02880337860607079,-0.02889364060392881,-0.028949743219789003,-0.02898463314468588,-0.029006338438334344,-0.02901984434984449,-0.029028249389979208,-0.02903348047259649,-0.02903673633252797,-0.029038762865890397,-0.02904002425902219,-0.029040809408879945,-0.029041298126509924,-0.029041602330946985,-0.029041791684902875,-0.029041909549677513,-0.029041982915566013,-0.029042028582793537,-0.02904205700876438,-0.029042074702767023,-0.02904208571656091,-0.02904209257219846,-0.029042096839553548,-0.02904209949580836,-0.02904210114921888,-0.029042102178399663,-0.029042102819022832,-0.0290421032177847,-0.029042103465997744,-0.02904210362050027,-0.029042103716671805,-0.029042103776534677,-0.029042103813796877,-0.029042103836991084,-0.02904210385142853,-0.029042103860415256,-0.02904210386600913,-0.029042103869491083,-0.02904210387165846,-0.02904210387300757,-0.029042103873847327,-0.029042103874370045,-0.029042103874695413,-0.029042103874897945,-0.02904210387502401,-0.029042103875102483,-0.02904210387515133,-0.029042103875181732,-0.02904210387520066,-0.029042103875212437,-0.02904210387521977,-0.029042103875224337,-0.029042103875227182,-0.02904210387522895,-0.02904210387523005,-0.029042103875230735,-0.02904210387523116,-0.02904210387523143,-0.029042103875231595,-0.029042103875231696,-0.02904210387523176,-0.0290421038752318,-0.029042103875231824,-0.02904210387523184,-0.029042103875231852,-0.02904210387523186,-0.02904210387523186,-0.02904210387523186,-0.02904210387523186,-0.02904210387523186,-0.02904210387523186,-0.02904210387523186,-0.02904210387523186,-0.02904210387523186,-0.02904210387523186,-0.02904210387523186,-0.02904210387523186,-0.02904210387523186,-0.02904210387523186,-0.02904210387523186,-0.02904210387523186,-0.02904210387523186,-0.02904210387523186,-0.02904210387523186,-0.02904210387523186,-0.02904210387523186,-0.029042103875231862,-0.02904210387523186
-0.01611072282310901,0.49685611805005864,-0.05622179864344291,-0.0432820222850916,-0.03724429387628065,-0.033948111329374676,-0.0320296366218569,-0.0308784322554223,-0.030176660834189274,-0.02974515899918742,-0.029478532534908165,-0.02931330731132528,-0.029210742171305905,-0.029147007043368846,-0.029107375852195857,-0.02908272298543193,-0.029067383735008577,-0.029057838056277444,-0.02905189718083518,-0.029048199584195415,-0.029045898118809345,-0.029044465603713533,-0.029043573942053584,-0.02904301892696351,-0.029042673455752933,-0.029042458415179648,-0.029042324561635247,-0.029042241243428468,-0.029042189381303304,-0.029042157099266726,-0.029042137005022346,-0.02904212449717651,-0.02904211671155274,-0.029042111865319187,-0.029042108848736127,-0.02904210697103594,-0.029042105802243975,-0.02904210507471852,-0.029042104621863525,-0.029042104339979703,-0.029042104164518495,-0.029042104055301027,-0.0290421039873176,-0.029042103945000675,-0.029042103918660113,-0.02904210390226418,-0.029042103892058378,-0.02904210388570569,-0.029042103881751394,-0.02904210387929001,-0.029042103877757894,-0.029042103876804212,-0.029042103876210583,-0.029042103875841076,-0.029042103875611076,-0.029042103875467906,-0.02904210387537879,-0.02904210387532332,-0.029042103875288793,-0.029042103875267303,-0.02904210387525392,-0.02904210387524559,-0.029042103875240408,-0.02904210387523718,-0.029042103875235176,-0.029042103875233923,-0.029042103875233146,-0.029042103875232664,-0.029042103875232362,-0.02904210387523217,-0.029042103875232053,-0.02904210387523198,-0.029042103875231935,-0.02904210387523191,-0.029042103875231894,-0.02904210387523188,-0.029042103875231873,-0.029042103875231866,-0.029042103875231866,-0.029042103875231866,-0.029042103875231866,-0.029042103875231866,-0.029042103875231866,-0.029042103875231866,-0.029042103875231866,-0.029042103875231866,-0.029042103875231866,-0.029042103875231866,-0.029042103875231866,-0.029042103875231866,-0.029042103875231866,-0.029042103875231866,-0.029042103875231866,-0.029042103875231866,-0.029042103875231866,-0.029042103875231866,-0.029042103875231866,-0.029042103875231866,-0.029042103875231866,-0.029042103875231866
0.5369015975301993,0.5205612987218056,0.006354292230698847,-0.009103465200311162,-0.017774102652994412,-0.022289174902122,-0.024937130592836813,-0.026524450284404803,-0.027489362995384417,-0.02808113052637189,-0.02844607769876591,-0.028671929450654825,-0.028812005609530823,-0.028899001053872445,-0.028953076207968047,-0.028986706373292804,-0.02900762838885707,-0.029020647078639886,-0.02902874897353669,-0.029033791411097857,-0.02903692986672406,-0.029038883328262183,-0.029040099240092036,-0.029040856080826856,-0.029041327177619952,-0.02904162041397347,-0.02904180294080958,-0.029041916556005458,-0.029041987276713928,-0.02904203129742832,-0.029042058698513187,-0.02904207575456657,-0.02904208637126321,-0.02904209297972396,-0.02904209709322158,-0.029042099653706382,-0.029042101247503976,-0.029042102239578135,-0.029042102857103944,-0.02904210324148864,-0.029042103480752483,-0.02904210362968449,-0.02904210372238861,-0.029042103780093153,-0.029042103816011883,-0.02904210383836983,-0.029042103852286748,-0.029042103860949464,-0.02904210386634165,-0.02904210386969807,-0.029042103871787302,-0.02904210387308776,-0.029042103873897246,-0.02904210387440112,-0.02904210387471476,-0.029042103874909984,-0.029042103875031505,-0.02904210387510715,-0.029042103875154233,-0.029042103875183543,-0.029042103875201786,-0.029042103875213138,-0.029042103875220205,-0.029042103875224604,-0.02904210387522734,-0.02904210387522905,-0.029042103875230114,-0.029042103875230776,-0.029042103875231186,-0.02904210387523144,-0.029042103875231602,-0.0290421038752317,-0.02904210387523176,-0.0290421038752318,-0.029042103875231824,-0.02904210387523184,-0.029042103875231852,-0.02904210387523186,-0.02904210387523186,-0.02904210387523186,-0.02904210387523186,-0.02904210387523186,-0.02904210387523186,-0.02904210387523186,-0.02904210387523186,-0.02904210387523186,-0.02904210387523186,-0.02904210387523186,-0.02904210387523186,-0.02904210387523186,-0.02904210387523186,-0.02904210387523186,-0.02904210387523186,-0.02904210387523186,-0.029042103875231862,-0.02904210387523186,-0.02904210387523186,-0.02904210387523186,-0.02904210387523186,-0.02904210387523186
0.5023001604854344,-0.4841683629285196,-0.06951631482492969,-0.04923227823612397,-0.0404417238637789,-0.035787137072621,-0.03312327729717315,-0.03154086642249493,-0.030582219507999282,-0.029995046705928043,-0.02963310341269587,-0.029409147817597465,-0.029270255150118205,-0.029183995937587612,-0.02913037847686297,-0.029097032882340744,-0.029076287850415335,-0.029063379261648994,-0.029055345873868266,-0.029050346068659395,-0.029047234145767334,-0.029045297198139627,-0.029044091564907712,-0.02904334112193296,-0.02904287400738848,-0.02904258324978517,-0.029042402265855676,-0.029042289611050758,-0.029042219488144397,-0.029042175839536666,-0.02904214867007273,-0.029042131758193833,-0.029042121231239896,-0.029042114678640304,-0.029042110599913983,-0.02904210806107289,-0.029042106480747627,-0.029042105497059448,-0.029042104884753568,-0.029042104503618063,-0.02904210426637672,-0.029042104118703626,-0.02904210402678313,-0.029042103969566364,-0.02904210393395125,-0.029042103911782295,-0.029042103897983017,-0.02904210388939353,-0.029042103884046926,-0.02904210388071888,-0.029042103878647307,-0.02904210387735784,-0.029042103876555196,-0.029042103876055585,-0.029042103875744595,-0.029042103875551017,-0.029042103875430523,-0.029042103875355524,-0.02904210387530884,-0.02904210387527978,-0.02904210387526169,-0.029042103875250427,-0.02904210387524342,-0.029042103875239055,-0.029042103875236338,-0.02904210387523465,-0.029042103875233597,-0.02904210387523294,-0.029042103875232535,-0.02904210387523228,-0.029042103875232123,-0.029042103875232025,-0.029042103875231966,-0.029042103875231925,-0.029042103875231904,-0.02904210387523189,-0.02904210387523188,-0.029042103875231873,-0.029042103875231866,-0.029042103875231866,-0.029042103875231866,-0.029042103875231866,-0.029042103875231866,-0.029042103875231866,-0.029042103875231866,-0.029042103875231866,-0.029042103875231866,-0.029042103875231866,-0.029042103875231866,-0.029042103875231866,-0.029042103875231866,-0.029042103875231866,-0.029042103875231866,-0.029042103875231866,-0.029042103875231866,-0.029042103875231866,-0.029042103875231866,-0.029042103875231866,-0.029042103875231866,-0.029042103875231866
-0.08185099356180896,-0.47272944641985953,-0.07037842384830677,-0.049587402517986004,-0.04062701141294539,-0.035892183864402634,-0.03320441814991331,-0.03158978765911199,-0.030612087851890197,-0.030013419567326807,-0.02964445653512368,-0.029416182799803244,-0.02927462187936189,-0.029186709319553056,-0.029132065619437212,-0.029098082353182987,-0.029076940829775348,-0.029063785608823594,-0.029055598767436103,-0.029050503468730126,-0.029047332114754264,-0.029045358177476898,-0.029044129521141233,-0.029043364747786703,-0.029042888713382897,-0.029042592403614884,-0.029042407963721567,-0.029042293157732484,-0.029042221695806406,-0.02904217721371527,-0.029042149525442557,-0.029042132290626584,-0.02904212156265756,-0.0290421148849343,-0.029042110728323592,-0.029042108141002648,-0.02904210653050065,-0.02904210552802868,-0.02904210490403066,-0.02904210451561727,-0.029042104273845737,-0.029042104123352785,-0.029042104029677045,-0.029042103971367708,-0.029042103935072516,-0.029042103912480233,-0.029042103898417458,-0.029042103889663953,-0.029042103884215256,-0.02904210388082366,-0.02904210387871253,-0.02904210387739843,-0.02904210387658046,-0.02904210387607131,-0.029042103875754385,-0.029042103875557113,-0.029042103875434322,-0.029042103875357887,-0.029042103875310307,-0.029042103875280688,-0.029042103875262255,-0.02904210387525078,-0.029042103875243634,-0.029042103875239193,-0.029042103875236428,-0.029042103875234704,-0.02904210387523363,-0.029042103875232962,-0.029042103875232546,-0.029042103875232286,-0.02904210387523213,-0.02904210387523203,-0.02904210387523197,-0.02904210387523193,-0.029042103875231904,-0.02904210387523189,-0.02904210387523188,-0.029042103875231873,-0.029042103875231866,-0.029042103875231866,-0.029042103875231866,-0.029042103875231866,-0.029042103875231866,-0.029042103875231866,-0.029042103875231866,-0.029042103875231866,-0.029042103875231866,-0.029042103875231866,-0.029042103875231866,-0.029042103875231866,-0.029042103875231866,-0.029042103875231866,-0.029042103875231866,-0.029042103875231866,-0.029042103875231866,-0.029042103875231866,-0.029042103875231866,-0.029042103875231866,-0.029042103875231866,-0.029042103875231866
-0.0036420309941157317,-0.4778575893666311,-0.06998428408597199,-0.04942551058260971,-0.040542621345996094,-0.03584436056596378,-0.03315704686420895,-0.03156123049766108,-0.030594653957780802,-0.03000295985650145,-0.02963799337248557,-0.029412177964183182,-0.029272136040533955,-0.029185164689270973,-0.029131105194393485,-0.029097484931645087,-0.0290765691155251,-0.029063554292362244,-0.029055454805793936,-0.029050413867545196,-0.029047276345179146,-0.029045323464535547,-0.029044107914275096,-0.02904335129859588,-0.02904288034188785,-0.02904258719273039,-0.029042404720169793,-0.029042291138758024,-0.029042220439078704,-0.02904217643145408,-0.029042149038517047,-0.029042131987535358,-0.029042121373995637,-0.02904211476749994,-0.029042110655225488,-0.02904210809550205,-0.02904210650217838,-0.02904210551039922,-0.029042104893057037,-0.029042104508786637,-0.02904210426959394,-0.02904210412070622,-0.029042104028029665,-0.029042103970342285,-0.02904210393443423,-0.02904210391208293,-0.029042103898170153,-0.029042103889510014,-0.02904210388411943,-0.029042103880764017,-0.029042103878675403,-0.029042103877375325,-0.029042103876566083,-0.02904210387606236,-0.029042103875748813,-0.029042103875553643,-0.029042103875432157,-0.029042103875356537,-0.02904210387530947,-0.029042103875280167,-0.02904210387526193,-0.029042103875250577,-0.02904210387524351,-0.02904210387523911,-0.029042103875236376,-0.02904210387523467,-0.02904210387523361,-0.029042103875232955,-0.029042103875232542,-0.029042103875232286,-0.02904210387523213,-0.02904210387523203,-0.02904210387523197,-0.02904210387523193,-0.029042103875231904,-0.02904210387523189,-0.02904210387523188,-0.029042103875231873,-0.029042103875231866,-0.029042103875231866,-0.029042103875231866,-0.029042103875231866,-0.029042103875231866,-0.029042103875231866,-0.029042103875231866,-0.029042103875231866,-0.029042103875231866,-0.029042103875231866,-0.029042103875231866,-0.029042103875231866,-0.029042103875231866,-0.029042103875231866,-0.029042103875231866,-0.029042103875231866,-0.029042103875231866,-0.029042103875231866,-0.029042103875231866,-0.029042103875231866,-0.029042103875231866,-0.029042103875231866
-0.05727580760733509,-0.7832124581019934,-0.5122148548389688,-0.03348958811472243,-0.03160515661479785,-0.03058469117204405,-0.029987708526336268,-0.029626416913208636,-0.029404479750037585,-0.029267229380469408,-0.029182084424596785,-0.029129182241861618,-0.029096286892294453,-0.029075823234112105,-0.02906309001861778,-0.02905516583304181,-0.029050234004954493,-0.02904716439332916,-0.029045253781349728,-0.02904406454026988,-0.029043324300421468,-0.0290428635367729,-0.029042576732288987,-0.029042398208993576,-0.029042287085824653,-0.029042217916296017,-0.029042174861125817,-0.029042148061052098,-0.029042131379103386,-0.029042120995271557,-0.02904211453175963,-0.029042110508486742,-0.029042108004163156,-0.029042106445323634,-0.02904210547500945,-0.029042104871028342,-0.02904210449507467,-0.029042104261058806,-0.029042104115393444,-0.02904210402472268,-0.029042103968283817,-0.029042103933152916,-0.029042103911285363,-0.0290421038976737,-0.02904210388920099,-0.029042103883927077,-0.02904210388064428,-0.029042103878600872,-0.029042103877328935,-0.029042103876537207,-0.029042103876044386,-0.029042103875737628,-0.02904210387554668,-0.02904210387542782,-0.029042103875353838,-0.029042103875307788,-0.029042103875279127,-0.029042103875261283,-0.029042103875250178,-0.029042103875243263,-0.02904210387523896,-0.02904210387523628,-0.029042103875234614,-0.029042103875233573,-0.029042103875232927,-0.029042103875232525,-0.029042103875232272,-0.029042103875232116,-0.02904210387523202,-0.029042103875231963,-0.029042103875231925,-0.029042103875231904,-0.02904210387523189,-0.02904210387523188,-0.029042103875231873,-0.029042103875231866,-0.029042103875231866,-0.029042103875231866,-0.029042103875231866,-0.029042103875231866,-0.029042103875231866,-0.029042103875231866,-0.029042103875231866,-0.029042103875231866,-0.029042103875231866,-0.029042103875231866,-0.029042103875231866,-0.029042103875231866,-0.029042103875231866,-0.029042103875231866,-0.029042103875231866,-0.029042103875231866,-0.029042103875231866,-0.029042103875231866,-0.029042103875231866,-0.029042103875231866,-0.029042103875231866,-0.029042103875231866,-0.029042103875231866,-0.029042103875231866
-0.5375435743508143,-0.510459825925075,-0.06775941437861369,-0.04849698532166477,-0.04005609101394685,-0.035567970444952704,-0.032993793877721056,-0.0314627336032917,-0.03053449280466583,-0.029965679912321408,-0.029614953515568424,-0.029397899940945285,-0.02926327292403573,-0.02917965716155646,-0.02912768061527748,-0.02909535467562992,-0.029075243661675743,-0.02906272946183932,-0.02905494146390082,-0.029050094364888653,-0.029047077480008524,-0.029045199683796156,-0.029044030867635934,-0.029043303340908884,-0.02904285049045385,-0.029042568611533592,-0.029042393154171856,-0.029042283939410725,-0.029042215957784015,-0.029042173642032793,-0.029042147302216673,-0.029042130906759347,-0.029042120701256665,-0.02904211434874734,-0.029042110394569047,-0.029042107933254024,-0.029042106401185586,-0.029042105447535313,-0.02904210485392681,-0.02904210448442967,-0.02904210425443272,-0.029042104111268972,-0.029042104022155367,-0.029042103966685773,-0.0290421039321582,-0.029042103910666195,-0.029042103897288292,-0.029042103888961095,-0.029042103883777752,-0.029042103880551333,-0.029042103878543016,-0.02904210387729292,-0.029042103876514784,-0.02904210387603043,-0.029042103875728937,-0.02904210387554127,-0.029042103875424462,-0.02904210387535175,-0.029042103875306487,-0.029042103875278315,-0.029042103875260777,-0.02904210387524986,-0.029042103875243065,-0.029042103875238836,-0.029042103875236203,-0.029042103875234565,-0.029042103875233545,-0.029042103875232914,-0.029042103875232518,-0.02904210387523227,-0.029042103875232116,-0.02904210387523202,-0.029042103875231963,-0.029042103875231925,-0.029042103875231904,-0.02904210387523189,-0.02904210387523188,-0.029042103875231873,-0.029042103875231866,-0.029042103875231866,-0.029042103875231866,-0.029042103875231866,-0.029042103875231866,-0.029042103875231866,-0.029042103875231866,-0.029042103875231866,-0.029042103875231866,-0.029042103875231866,-0.029042103875231866,-0.029042103875231866,-0.029042103875231866,-0.029042103875231866,-0.029042103875231866,-0.029042103875231866,-0.029042103875231866,-0.029042103875231866,-0.029042103875231866,-0.029042103875231866,-0.029042103875231866,-0.029042103875231866
-0.5048359802531643,-0.07348902258439378,-0.47821645376317357,-0.09675143138186015,-0.4513372575084926,-0.12906174708881407,-0.4114549320457985,-0.17954268890692604,-0.3470612988986185,-0.2559523892229481,-0.2814304047944717,-0.28135725089179325,-0.28133941693450504,-0.2813350539926477,-0.2813339857217002,-0.28133372409986573,-0.28133366002483867,-0.28133364433172114,-0.2813336404881806,-0.28133363954682167,-0.2813336393162626,-0.2813336392597927,-0.2813336392459611,-0.2813336392425728,-0.28133363924174254,-0.281333639241539,-0.2813336392414889,-0.28133363924147653,-0.2813336392414735,-0.2813336392414727,-0.2813336392414725,-0.28133363924147237,-0.2813336392414723,-0.2813336392414723,-0.2813336392414723,-0.2813336392414723,-0.2813336392414723,-0.2813336392414723,-0.2813336392414723,-0.2813336392414723,-0.2813336392414723,-0.2813336392414723,-0.2813336392414723,-0.2813336392414723,-0.2813336392414723,-0.2813336392414723,-0.2813336392414723,-0.2813336392414723,-0.2813336392414723,-0.2813336392414723,-0.2813336392414723,-0.2813336392414723,-0.2813336392414723,-0.2813336392414723,-0.2813336392414723,-0.2813336392414723,-0.2813336392414723,-0.2813336392414723,-0.2813336392414723,-0.2813336392414723,-0.2813336392414723,-0.2813336392414723,-0.2813336392414723,-0.2813336392414723,-0.2813336392414723,-0.2813336392414723,-0.2813336392414723,-0.2813336392414723,-0.2813336392414723,-0.2813336392414723,-0.2813336392414723,-0.2813336392414723,-0.2813336392414723,-0.2813336392414723,-0.2813336392414723,-0.2813336392414723,-0.2813336392414723,-0.2813336392414723,-0.2813336392414723,-0.2813336392414723,-0.2813336392414723,-0.2813336392414723,-0.2813336392414723,-0.2813336392414723,-0.2813336392414723,-0.2813336392414723,-0.2813336392414723,-0.2813336392414723,-0.2813336392414723,-0.2813336392414723,-0.2813336392414723,-0.2813336392414723,-0.2813336392414723,-0.2813336392414723,-0.2813336392414723,-0.2813336392414723,-0.2813336392414723,-0.2813336392414723,-0.2813336392414723,-0.2813336392414723
-0.1899718621356205,-0.5206741717849409,-0.51656976736119,-0.07592666015100961,-0.06375302732019332,-0.05345389194865168,-0.045934690702387565,-0.0406496515363366,-0.03698076031708695,-0.034448635189130695,-0.03270865611261674,-0.031518081640814787,-0.03070703590535713,-0.030157049534614226,-0.029785796511358438,-0.029536312338591414,-0.029369375691642725,-0.02925812550493203,-0.029184265807187217,-0.029135401298043536,-0.02910089835027862,-0.02908057197515321,-0.029067214556125917,-0.029058460507726373,-0.029052737520922155,-0.02904900453509989,-0.029046574614870417,-0.029044995902312028,-0.029043972008740537,-0.02904330902084111,-0.029042880366137076,-0.029042603603431423,-0.02904242514068861,-0.029042310202204054,-0.029042236259468876,-0.029042186882976398,-0.029042157076230764,-0.029042137944334284,-0.029042125675468586,-0.02904211781448876,-0.029042112781848917,-0.02904210956240233,-0.029042107504377725,-0.029042106189697138,-0.02904210535041993,-0.029042104814968446,-0.029042104473557567,-0.02904210425599248,-0.029042104117423202,-0.02904210402921254,-0.02904210397308689,-0.029042103937392733,-0.029042103914702612,-0.02904210390028515,-0.0290421038909005,-0.029042103885172615,-0.029042103881536392,-0.02904210387917402,-0.029042103877730957,-0.02904210387681562,-0.029042103876235223,-0.029042103875859093,-0.029042103875629083,-0.029042103875483345,-0.02904210387539103,-0.02904210387533258,-0.029042103875295575,-0.029042103875272157,-0.02904210387525734,-0.029042103875247964,-0.029042103875242038,-0.02904210387523829,-0.02904210387523592,-0.029042103875234426,-0.029042103875233483,-0.02904210387523289,-0.02904210387523251,-0.029042103875232275,-0.029042103875232123,-0.029042103875232025,-0.029042103875231966,-0.029042103875231925,-0.029042103875231907,-0.029042103875231894,-0.029042103875231883,-0.029042103875231876,-0.029042103875231873,-0.02904210387523187,-0.02904210387523187,-0.02904210387523187,-0.02904210387523187,-0.02904210387523187,-0.02904210387523187,-0.02904210387523187,-0.02904210387523187,-0.02904210387523187,-0.02904210387523187,-0.02904210387523187,-0.02904210387523187,-0.02904210387523187
-0.0505586517166489,-0.47509995921655174,-0.07019466802526357,-0.049512022529011004,-0.04058773398267877,-0.035869929919637014,-0.03317213113642332,-0.03157032501545817,-0.030600206500062364,-0.03000611151749882,-0.02963994087046977,-0.029413384733004984,-0.0292728851011448,-0.029185630137511617,-0.029131394603436125,-0.029097664955723926,-0.029076681126252474,-0.029063623996309525,-0.0290554981866272,-0.029050440867623005,-0.029047293150573233,-0.029045333924800687,-0.0290441144252062,-0.029043355351324275,-0.029042882864522654,-0.02904258876295874,-0.029042405697569506,-0.029042291747148216,-0.02904222081777632,-0.029042176667177733,-0.02904214918524535,-0.02904213207886773,-0.029042121430846314,-0.029042114802887167,-0.029042110677252594,-0.029042108109213028,-0.029042106510712904,-0.029042105515711618,-0.029042104896363788,-0.029042104510844956,-0.029042104270875165,-0.02904210412150373,-0.029042104028526083,-0.02904210397065128,-0.02904210393462657,-0.029042103912202653,-0.029042103898244673,-0.0290421038895564,-0.02904210388414831,-0.02904210388078199,-0.02904210387868659,-0.02904210387738229,-0.02904210387657042,-0.02904210387606506,-0.029042103875750493,-0.029042103875554687,-0.02904210387543281,-0.029042103875356946,-0.02904210387530972,-0.029042103875280327,-0.02904210387526203,-0.029042103875250642,-0.029042103875243554,-0.029042103875239145,-0.029042103875236397,-0.029042103875234683,-0.02904210387523362,-0.02904210387523296,-0.029042103875232546,-0.029042103875232286,-0.02904210387523213,-0.02904210387523203,-0.02904210387523197,-0.02904210387523193,-0.029042103875231904,-0.02904210387523189,-0.02904210387523188,-0.029042103875231873,-0.029042103875231866,-0.029042103875231866,-0.029042103875231866,-0.029042103875231866,-0.029042103875231866,-0.029042103875231866,-0.029042103875231866,-0.029042103875231866,-0.029042103875231866,-0.029042103875231866,-0.029042103875231866,-0.029042103875231866,-0.029042103875231866,-0.029042103875231866,-0.029042103875231866,-0.029042103875231866,-0.029042103875231866,-0.029042103875231866,-0.029042103875231866,-0.029042103875231866,-0.029042103875231866,-0.029042103875231866
-0.49790326173803034,-0.07395496447647668,-0.4781805112752991,-0.09675458301401747,-0.45133694071310637,-0.1290617838108094,-0.41145492717421706,-0.1795426896064917,-0.34706129881494685,-0.2559523892206648,-0.28143040479362413,-0.28135725089126645,-0.28133941693417724,-0.28133505399244374,-0.28133398572157325,-0.28133372409978674,-0.2813336600247895,-0.2813336443316905,-0.2813336404881615,-0.2813336395468098,-0.2813336393162552,-0.2813336392597881,-0.2813336392459582,-0.28133363924257104,-0.28133363924174143,-0.28133363924153826,-0.28133363924148846,-0.28133363924147625,-0.28133363924147325,-0.28133363924147253,-0.28133363924147237,-0.2813336392414723,-0.2813336392414723,-0.2813336392414723,-0.2813336392414723,-0.2813336392414723,-0.2813336392414723,-0.2813336392414723,-0.2813336392414723,-0.2813336392414723,-0.2813336392414723,-0.2813336392414723,-0.2813336392414723,-0.2813336392414723,-0.2813336392414723,-0.2813336392414723,-0.2813336392414723,-0.2813336392414723,-0.2813336392414723,-0.2813336392414723,-0.2813336392414723,-0.2813336392414723,-0.2813336392414723,-0.2813336392414723,-0.2813336392414723,-0.2813336392414723,-0.2813336392414723,-0.2813336392414723,-0.2813336392414723,-0.2813336392414723,-0.2813336392414723,-0.2813336392414723,-0.2813336392414723,-0.2813336392414723,-0.2813336392414723,-0.2813336392414723,-0.2813336392414723,-0.2813336392414723,-0.2813336392414723,-0.2813336392414723,-0.2813336392414723,-0.2813336392414723,-0.2813336392414723,-0.2813336392414723,-0.2813336392414723,-0.2813336392414723,-0.2813336392414723,-0.2813336392414723,-0.2813336392414723,-0.2813336392414723,-0.2813336392414723,-0.2813336392414723,-0.2813336392414723,-0.2813336392414723,-0.2813336392414723,-0.2813336392414723,-0.2813336392414723,-0.2813336392414723,-0.2813336392414723,-0.2813336392414723,-0.2813336392414723,-0.2813336392414723,-0.2813336392414723,-0.2813336392414723,-0.2813336392414723,-0.2813336392414723,-0.2813336392414723,-0.2813336392414723,-0.2813336392414723,-0.2813336392414723
0.07638258597989488,-0.016876925408088442,-0.5046816607523805,-0.07669349355035526,-0.0641261352735194,-0.05364276687689579,-0.046035843417593425,-0.040706305967122026,-0.037013532957798134,-0.03446802812079669,-0.03244055763856737,-0.03135495048919397,-0.03060706222976861,-0.030095476560000056,-0.02974774425732408,-0.029512740791770263,-0.02935475094684979,-0.029249041921669973,-0.029178619797117063,-0.02913189024409457,-0.0291009932485019,-0.029080631021408614,-0.02906725130019315,-0.029058483375406723,-0.02905275175349281,-0.02904901339363443,-0.02904658012867975,-0.02904499933432566,-0.029043974144985676,-0.029043310350549186,-0.02904286131723794,-0.02904259174633119,-0.029042417760151942,-0.02904230560813057,-0.029042233399849147,-0.02904218696031788,-0.02904215712437266,-0.029042137974300643,-0.029042125694121422,-0.02904211782609939,-0.029042112789076063,-0.02904210956690094,-0.02904210750717793,-0.029042106191440153,-0.029042105351504886,-0.029042104815643788,-0.029042104463882838,-0.029042104249970353,-0.029042104113674676,-0.029042104026879238,-0.0290421039716345,-0.02904210393648868,-0.029042103914139875,-0.02904210389993487,-0.02904210389090997,-0.029042103885178513,-0.029042103881540063,-0.029042103879231174,-0.029042103877766533,-0.029042103876837765,-0.02904210387624901,-0.029042103875875913,-0.029042103875639554,-0.02904210387548986,-0.02904210387539509,-0.029042103875335103,-0.029042103875297147,-0.02904210387527313,-0.02904210387525795,-0.029042103875248346,-0.029042103875242274,-0.029042103875238444,-0.02904210387523602,-0.02904210387523449,-0.029042103875233524,-0.02904210387523291,-0.029042103875232525,-0.029042103875232282,-0.029042103875232123,-0.029042103875232025,-0.029042103875231966,-0.029042103875231925,-0.029042103875231907,-0.029042103875231894,-0.029042103875231883,-0.029042103875231876,-0.029042103875231873,-0.02904210387523187,-0.02904210387523187,-0.02904210387523187,-0.02904210387523187,-0.02904210387523187,-0.02904210387523187,-0.02904210387523187,-0.02904210387523187,-0.02904210387523187,-0.02904210387523187,-0.02904210387523187,-0.02904210387523187,-0.02904210387523187
-0.784047515905943,-0.5678445047210318,-0.5380932279570326,-0.03596374151781472,-0.03339958229716108,-0.031747699857663056,-0.030718085075682734,-0.030080922755572677,-0.02968672243502788,-0.02944250588625587,-0.029290992751877312,-0.029196889247216647,-0.02913839706530902,-0.029102021143157013,-0.029079391614451534,-0.029065310736811855,-0.029056547943945403,-0.029051094231959475,-0.029047699817130828,-0.02904558704799336,-0.02904427198013213,-0.02904345342131729,-0.02904294390850703,-0.029042626760124556,-0.029042429349170035,-0.02904230646927282,-0.02904222998168665,-0.029042182371333998,-0.02904215273584862,-0.029042134288973086,-0.029042122806546715,-0.029042115659204604,-0.02904211121027533,-0.029042108440997992,-0.029042106717235547,-0.029042105644263558,-0.02904210497638214,-0.029042104560653127,-0.029042104301878726,-0.02904210414080218,-0.029042104040538586,-0.029042103978128578,-0.029042103939280882,-0.029042103915099773,-0.029042103900048015,-0.029042103890678905,-0.02904210388484702,-0.029042103881216908,-0.02904210387895731,-0.029042103877550806,-0.029042103876675315,-0.029042103876130355,-0.029042103875791134,-0.029042103875579987,-0.02904210387544856,-0.02904210387536675,-0.029042103875315826,-0.02904210387528413,-0.029042103875264395,-0.029042103875252114,-0.029042103875244467,-0.02904210387523971,-0.029042103875236747,-0.029042103875234905,-0.029042103875233757,-0.029042103875233042,-0.0290421038752326,-0.029042103875232324,-0.02904210387523215,-0.029042103875232046,-0.02904210387523198,-0.029042103875231935,-0.029042103875231914,-0.0290421038752319,-0.029042103875231887,-0.02904210387523188,-0.029042103875231876,-0.029042103875231873,-0.02904210387523187,-0.02904210387523187,-0.02904210387523187,-0.02904210387523187,-0.02904210387523187,-0.02904210387523187,-0.02904210387523187,-0.02904210387523187,-0.02904210387523187,-0.02904210387523187,-0.02904210387523187,-0.02904210387523187,-0.02904210387523187,-0.02904210387523187,-0.02904210387523187,-0.02904210387523187,-0.02904210387523187,-0.02904210387523187,-0.02904210387523187,-0.02904210387523187,-0.02904210387523187,-0.02904210387523187
0.6318369074207112,-0.0018258652868130346,-0.5053290828575494,-0.5203028449999642,-0.04217575785375901,-0.03867954405657847,-0.03594864980599063,-0.03390920505094905,-0.032429273267147715,-0.03137611433790226,-0.030637291513669326,-0.030124742519083612,-0.029772414712951563,-0.029532101871270575,-0.02936929399212091,-0.02925964647948317,-0.029186188059728047,-0.02913720414140769,-0.029104676721438807,-0.029083157993263758,-0.02906897011605057,-0.029059644131736753,-0.029053530864047834,-0.02904953359436832,-0.02904692587144069,-0.02904522820390038,-0.029044125110193796,-0.029043409613669538,-0.02904294627623795,-0.02904264668098881,-0.029042453231547513,-0.029042328482415142,-0.029042248132891458,-0.029042196438991332,-0.029042163216151877,-0.029042141885505718,-0.02904212820295983,-0.02904211943398089,-0.02904211381869426,-0.029042110225709142,-0.02904210792840921,-0.0290421064605799,-0.02904210552335355,-0.02904210492530169,-0.029042104543909382,-0.02904210430082553,-0.0290421041459785,-0.029042104047390747,-0.029042103984653365,-0.029042103944748807,-0.02904210391937883,-0.029042103903256514,-0.029042103893015283,-0.029042103886512467,-0.029042103882385012,-0.029042103879766218,-0.029042103878105237,-0.02904210387705212,-0.02904210387638463,-0.029042103875961695,-0.0290421038756938,-0.02904210387552416,-0.029042103875416767,-0.029042103875348804,-0.0290421038753058,-0.0290421038752786,-0.029042103875261398,-0.02904210387525053,-0.02904210387524366,-0.029042103875239315,-0.02904210387523657,-0.029042103875234836,-0.02904210387523374,-0.029042103875233052,-0.029042103875232615,-0.029042103875232345,-0.02904210387523217,-0.029042103875232057,-0.02904210387523199,-0.029042103875231942,-0.029042103875231914,-0.0290421038752319,-0.029042103875231887,-0.02904210387523188,-0.02904210387523188,-0.02904210387523188,-0.02904210387523188,-0.02904210387523188,-0.02904210387523188,-0.02904210387523188,-0.02904210387523188,-0.02904210387523188,-0.02904210387523188,-0.02904210387523188,-0.02904210387523188,-0.02904210387523188,-0.02904210387523188,-0.02904210387523188,-0.02904210387523188,-0.02904210387523188
-0.0647640167449143,-0.488712314006468,-0.08448676720764553,-0.4659126954689271,-0.11133033776983822,-0.4336054946721352,-0.15121235130872762,-0.38312458887645295,-0.21560597966799783,-0.30671488926227986,-0.28123687368932054,-0.28131002759167817,-0.28132786154876743,-0.281332224490501,-0.2813332927613714,-0.281333554383158,-0.2813336184581552,-0.2813336341512542,-0.28133363799478317,-0.28133363893613494,-0.2813336391666895,-0.2813336392231567,-0.2813336392369865,-0.2813336392403737,-0.28133363924120325,-0.2813336392414064,-0.28133363924145616,-0.28133363924146837,-0.28133363924147137,-0.2813336392414721,-0.28133363924147226,-0.28133363924147226,-0.2813336392414723,-0.2813336392414723,-0.2813336392414723,-0.2813336392414723,-0.2813336392414723,-0.2813336392414723,-0.2813336392414723,-0.2813336392414723,-0.2813336392414723,-0.2813336392414723,-0.2813336392414723,-0.2813336392414723,-0.2813336392414723,-0.2813336392414723,-0.2813336392414723,-0.2813336392414723,-0.2813336392414723,-0.2813336392414723,-0.2813336392414723,-0.2813336392414723,-0.2813336392414723,-0.2813336392414723,-0.2813336392414723,-0.2813336392414723,-0.2813336392414723,-0.2813336392414723,-0.2813336392414723,-0.2813336392414723,-0.2813336392414723,-0.2813336392414723,-0.2813336392414723,-0.2813336392414723,-0.2813336392414723,-0.2813336392414723,-0.2813336392414723,-0.2813336392414723,-0.2813336392414723,-0.2813336392414723,-0.2813336392414723,-0.2813336392414723,-0.2813336392414723,-0.2813336392414723,-0.2813336392414723,-0.2813336392414723,-0.2813336392414723,-0.2813336392414723,-0.2813336392414723,-0.2813336392414723,-0.2813336392414723,-0.2813336392414723,-0.2813336392414723,-0.2813336392414723,-0.2813336392414723,-0.2813336392414723,-0.2813336392414723,-0.2813336392414723,-0.2813336392414723,-0.2813336392414723,-0.2813336392414723,-0.2813336392414723,-0.2813336392414723,-0.2813336392414723,-0.2813336392414723,-0.2813336392414723,-0.2813336392414723,-0.2813336392414723,-0.2813336392414723,-0.2813336392414723
0.5016283790039961,0.0016273143293395148,-0.030779020902371248,-0.02943902986296798,-0.029137836028221648,-0.029065464296888804,-0.0290478201484154,-0.029043503590052436,-0.02904244667309662,-0.029042187831721758,-0.02904212443767681,-0.029042108911354402,-0.02904210510867202,-0.029042104177324366,-0.029042103949219956,-0.029042103893352933,-0.029042103879670052,-0.029042103876318857,-0.02904210387549809,-0.02904210387529707,-0.02904210387524784,-0.02904210387523578,-0.029042103875232827,-0.029042103875232102,-0.02904210387523192,-0.029042103875231876,-0.029042103875231866,-0.029042103875231866,-0.029042103875231866,-0.029042103875231866,-0.029042103875231866,-0.029042103875231866,-0.029042103875231866,-0.029042103875231866,-0.029042103875231866,-0.029042103875231866,-0.029042103875231866,-0.029042103875231866,-0.029042103875231866,-0.029042103875231866,-0.029042103875231866,-0.029042103875231866,-0.029042103875231866,-0.029042103875231866,-0.029042103875231866,-0.029042103875231866,-0.029042103875231866,-0.029042103875231866,-0.029042103875231866,-0.029042103875231866,-0.029042103875231866,-0.029042103875231866,-0.029042103875231866,-0.029042103875231866,-0.029042103875231866,-0.029042103875231866,-0.029042103875231866,-0.029042103875231866,-0.029042103875231866,-0.029042103875231866,-0.029042103875231866,-0.029042103875231866,-0.029042103875231866,-0.029042103875231866,-0.029042103875231866,-0.029042103875231866,-0.029042103875231866,-0.029042103875231866,-0.029042103875231866,-0.029042103875231866,-0.029042103875231866,-0.029042103875231866,-0.029042103875231866,-0.029042103875231866,-0.029042103875231866,-0.029042103875231866,-0.029042103875231866,-0.029042103875231866,-0.029042103875231866,-0.029042103875231866,-0.029042103875231866,-0.029042103875231866,-0.029042103875231866,-0.029042103875231866,-0.029042103875231866,-0.029042103875231866,-0.029042103875231866,-0.029042103875231866,-0.029042103875231866,-0.029042103875231866,-0.029042103875231866,-0.029042103875231866,-0.029042103875231866,-0.029042103875231866,-0.029042103875231866,-0.029042103875231866,-0.029042103875231866,-0.029042103875231866,-0.029042103875231866,-0.029042103875231866
-0.48425282957970606,-0.05971152207980324,-0.02730518684809248,-0.02864517788749575,-0.028946371722242084,-0.029018743453574927,-0.02903638760204833,-0.029040704160411296,-0.029041761077367112,-0.029042019918741974,-0.029042083312786918,-0.029042098839109326,-0.02904210264179171,-0.02904210357313937,-0.029042103801243776,-0.029042103857110806,-0.02904210387079368,-0.02904210387414487,-0.02904210387496564,-0.029042103875166665,-0.0290421038752159,-0.029042103875227956,-0.029042103875230908,-0.02904210387523163,-0.02904210387523181,-0.029042103875231852,-0.029042103875231862,-0.029042103875231862,-0.029042103875231862,-0.029042103875231862,-0.029042103875231862,-0.029042103875231862,-0.029042103875231862,-0.029042103875231862,-0.029042103875231862,-0.029042103875231862,-0.029042103875231862,-0.029042103875231862,-0.029042103875231862,-0.029042103875231862,-0.029042103875231862,-0.029042103875231862,-0.029042103875231862,-0.029042103875231862,-0.029042103875231862,-0.029042103875231862,-0.029042103875231862,-0.029042103875231862,-0.029042103875231862,-0.029042103875231862,-0.029042103875231862,-0.029042103875231862,-0.029042103875231862,-0.029042103875231862,-0.029042103875231862,-0.029042103875231862,-0.029042103875231862,-0.029042103875231862,-0.029042103875231862,-0.029042103875231862,-0.029042103875231862,-0.029042103875231862,-0.029042103875231862,-0.029042103875231862,-0.029042103875231862,-0.029042103875231862,-0.029042103875231862,-0.029042103875231862,-0.029042103875231862,-0.029042103875231862,-0.029042103875231862,-0.029042103875231862,-0.029042103875231862,-0.029042103875231862,-0.029042103875231862,-0.029042103875231862,-0.029042103875231862,-0.029042103875231862,-0.029042103875231862,-0.029042103875231862,-0.029042103875231862,-0.029042103875231862,-0.029042103875231862,-0.029042103875231862,-0.029042103875231862,-0.029042103875231862,-0.029042103875231862,-0.029042103875231862,-0.029042103875231862,-0.029042103875231862,-0.029042103875231862,-0.029042103875231862,-0.029042103875231862,-0.029042103875231862,-0.029042103875231862,-0.029042103875231862,-0.029042103875231862,-0.029042103875231862,-0.029042103875231862,-0.029042103875231862
