0,1,2,3,4,5,6,7,8,9,10,11,12,13,14,15,16,17,18,19,20,21,22,23,24,25,26,27,28,29,30,31,32,33,34,35,36,37,38,39,40,41,42,43,44,45,46,47,48,49
-0.0074070792756642904,-0.15986748765796238,-0.20024383154641814,-0.2139075910515429,-0.614336368795689,-0.2431478553215994,-0.6346147074915927,-0.23765048555907836,-0.23462435863131054,-0.23282869791770253,-0.23174267556611755,-0.23046897011983597,-0.23029215790293492,-0.686029825484379,-0.6869233366763768,-0.6809281144687795,-0.6735148792836847,-0.6646832253643727,-0.2819002854688784,-0.6090878443412973,-0.3233814451567766,-0.5591939956376561,-0.38679438103063546,-0.48320648280585443,-0.45439088097274394,-0.45502720305227445,-0.455176865957544,-0.4552131754389698,-0.45522204801198973,-0.45522421992471307,-0.45522475183949485,-0.4552248821395515,-0.4552249140699963,-0.4552249219014173,-0.45522492382637125,-0.4552249243021193,-0.4552249244213099,-0.4552249244521645,-0.45522492446075624,-0.45522492446350465,-0.45522492446457874,-0.45522492446499024,-0.4552249244653094,-0.45522492446549867,-0.45522492446561413,-0.4552249244656852,-0.4552249244657296,-0.45522492446575713,-0.45522492446577434,-0.45522492446578505
1.8329010493373428,1.6935683836396518,1.6735294050928888,1.6728753198190391,1.6728753198190391,1.6624547751603622,1.6566930496697363,1.6657265531005878,1.6595609996816219,1.6601882589843164,1.3276692683506235,-0.2295039199444086,-0.22969254952100482,-0.22980960631434086,-0.22988233117208384,-0.6638145994853745,-0.257566541178506,-0.2575666255808664,-0.26251631091410393,-0.6111912604092391,-0.3231058868747067,-0.5592335113920724,-0.3867894912990995,-0.4832064309917626,-0.4543908630806525,-0.4550271920558766,-0.45517685913318656,-0.4551768620238833,-0.45519945149786867,-0.4552101563246005,-0.45521599837831384,-0.4552194336602276,-0.4552215226851296,-0.45522281092962097,-0.4552236098428015,-0.45522410640485056,-0.4552244153150963,-0.4552246075548605,-0.4552247272053084,-0.455224801680102,-0.4552248480369395,-0.45522487689200797,-0.45522489485306794,-0.45522490603308474,-0.4552249129921855,-0.4552249173239431,-0.4552249200202857,-0.45522492169864925,-0.45522492274336224,-0.4552249233936536
1.654848901890716,1.794181567588407,1.794181567588407,1.711778472588024,1.711778472588024,1.67778774821286,1.67778774821286,1.6687542447820087,1.661205566119559,1.6598310826040508,1.6595228267208961,1.6594487913690106,1.659202163981934,1.6592841577484911,1.6592472387458517,1.6592242719251502,1.6592232887858254,1.659220701949725,1.6592170653495053,1.6592152980871573,1.6592137018408355,1.6592127082681496,1.6592120898195295,1.6592117048642778,1.659211465246786,1.659211316095222,1.659211223254664,1.6592111654652795,1.6592111294937715,1.6592111071029838,1.659211093165634,1.6592110844902028,1.6592110790901002,1.6592110757287561,1.6592110736364565,1.6592110723340852,1.6592110716185593,1.6592110711731736,1.6592110708959389,1.6592110707233716,1.6592110706159555,1.6592110705490937,1.6592110705074747,1.6592110704815686,1.6592110704654432,1.6592110704554057,1.6592110704491576,1.6592110704454721,1.659211070443178,1.6592110704417502
-0.37946104018728066,-0.37946104018728066,-0.27286370609155935,-0.2115042693020416,-0.21936924507376837,0.10002966376498361,-0.21469590922959456,-0.2210336844142901,-0.22461077045865013,-0.2267148761296403,-0.22843726336737075,-0.22917613008916832,-0.22948953479183398,-0.22973787519058558,-0.22983775837792145,-0.2331058983335461,-0.23889186110567753,-0.6422473819547365,-0.6416621236489002,-0.6353043030787504,-0.3200916412387702,-0.5596653213483216,-0.38673596794550075,-0.4832058685177353,-0.45439066885007373,-0.45502707268274534,-0.455176785050335,-0.4552131251140945,-0.4552220166923656,-0.45522420043036993,-0.455224739705189,-0.45522487458645966,-0.4552249093685069,-0.45522491897493184,-0.45522492200475306,-0.4552249231682361,-0.4552249237155137,-0.455224924012835,-0.4552249241872915,-0.455224924293284,-0.4552249243586233,-0.4552249243991384,-0.4552249244243193,-0.45522492443998397,-0.4552249244497323,-0.45522492445579965,-0.4552249244595762,-0.45522492446192697,-0.45522492446339025,-0.45522492446430096
1.288621205961828,1.288621205961828,1.288621205961828,1.288621205961828,1.3095258853148848,1.3095258853148848,1.3095258853148848,1.3095258853148848,1.3095258853148848,1.3095258853148848,1.3100806835119143,1.3100806835119143,1.3100806835119143,1.3100806835119143,1.3100806835119143,1.3100806835119143,1.3100806835119143,1.3100806835119143,1.3100806835119143,1.3100806835119143,1.3100806835119143,1.3100806835119143,1.3100806835119143,1.3100806835119143,1.3100806835119143,1.3100806835119143,1.3100806835119143,1.3100806835119143,1.3100806835119143,1.3100806835119143,1.3100806835119143,1.3100806835119143,1.3100806835119143,1.3100806835119143,1.3100806835119143,1.3100806835119143,1.3100806835119143,1.3100806835119143,1.3100806835119143,1.3100806835119143,1.3100806835119143,1.3100806835119143,1.3100806835119143,1.3100806835119143,1.3100806835119143,1.3100806835119143,1.3100806835119143,1.3100806835119143,1.3100806835119143,1.3100806835119143
0.5531881468109953,0.5531881468109953,0.5531881468109953,0.5531881468109953,0.5531881468109953,0.539732794185426,0.4887552285092021,0.48851949458739335,0.4816535741113499,0.4773782634543957,0.47447726187883993,0.473889027899008,0.4737502493240343,0.4737502493240343,0.4736122765488804,0.4735140209575448,0.4734479008694067,0.47742906085830217,0.4758507274029484,0.47489281248814463,0.474305674774845,0.47394365402793337,0.4739191688516983,0.4739039338775398,0.47389445306918954,0.4738885525591937,0.4738848800832663,0.4738825942525565,0.473881171468668,0.47388028586400366,0.4738797346190372,0.4738793914945329,0.4738791779146724,0.4738797190326764,0.47387938179272315,0.47387917187571593,0.47387904121136104,0.47387895987828654,0.4738789092518222,0.4738788777389329,0.473878858123451,0.47387884591361507,0.4738788383134903,0.47387883358272226,0.47387883063801184,0.47387882880504945,0.47387882766410494,0.4738788274898279,0.47387882738134757,0.47387882731382297
0.5232828226054087,0.5232828226054087,0.5232828226054087,0.5232828226054087,0.5232828226054087,0.536738175230978,0.4881332449523098,0.4720522793503696,0.47103930736287924,0.4704189690874515,0.473161133823348,0.473161133823348,0.47329778773817505,0.47329778773817505,0.4733309683238309,0.47333907781875756,0.47334412498547423,0.47334726638424973,0.4733492216775733,0.4733504387295383,0.4733511962799317,0.4733516678184473,0.47355134487408257,0.4736752343631251,0.47375219583599043,0.4738000414798982,0.4738298003463923,0.4738483150911572,0.47385983630589984,0.47387149836827697,0.4738742648915111,0.4738759868624213,0.4738770586893374,0.473877725846401,0.4738781411200455,0.4738783996092589,0.473878560507607,0.4738786606600237,0.47387872300072875,0.473878761805243,0.4738787859594598,0.4738788009944716,0.4738788103531527,0.4738788161785502,0.4738788198046229,0.4738788220617055,0.47387882346664756,0.47387882487708144,0.47387882575501916,0.4738788263014997
-0.8415594737224716,-0.8415594737224716,-0.8415594737224716,-1.1019615655425596,-1.1363691061499748,-1.1676804764651774,-1.1634543213969422,-1.1588819865747553,-1.1539292409429147,-1.1485450115163358,-1.1426598371391723,-1.1440047602376333,-1.1441490684691777,-1.1413400862395902,-1.1385459369899975,-1.1374717999259987,-1.1366787407542922,-1.1366730765855053,-1.1364995731469463,-1.1363513647005459,-1.1362431094164847,-1.1361798073230653,-1.136139856509668,-1.1361148608692477,-1.136099273152146,-1.1360895642526112,-1.1360835196952448,-1.1360835740386646,-1.136082166636736,-1.13608093770354,-1.136080086331199,-1.1360795352268533,-1.1360791870057345,-1.1360789689837874,-1.136078832963503,-1.1360788319790716,-1.1360787997253408,-1.1360787718992924,-1.1360787526807414,-1.1360787402531294,-1.1360787324035977,-1.1360787274897,-1.1360787244241695,-1.1360787225143287,-1.1360787225000841,-1.1360787227788873,-1.1360787225676408,-1.136078722341906,-1.1360787221783137,-1.136078722070831
-0.17390015500064981,-0.17390015500064981,-0.17390015500064981,-0.2352595917901676,-0.2352595917901676,-0.23322206837022252,-0.2319788462269382,-0.231222565219592,-0.2318654583769704,-0.23115370544485672,-0.23071575895667973,-0.23044509163974985,-0.23008767698917376,-0.23005531440286203,-0.2300351806979206,-0.23002265240662803,-0.2372046577113412,-0.24590763765586587,-0.2562743097437438,-0.2686695627941743,-0.2837422860505454,-0.3025552901053225,-0.3267503438730043,-0.35827920968003957,-0.3960211370850921,-0.42754541126625445,-0.43994848166248757,-0.4462954230815718,-0.4498609365477382,-0.4519552659997359,-0.4532151940554791,-0.4539835307157133,-0.4544558505517384,-0.45474760246657675,-0.4549283476317566,-0.4550405244623211,-0.45511022294767467,-0.45515355837207605,-0.455180513948342,-0.4551972853608658,-0.4552077220425367,-0.4552142173524177,-0.4552182599925955,-0.4552207762066486,-0.4552223423836245,-0.4552233172403253,-0.4552239240393775,-0.4552243017433911,-0.4552245368473382,-0.45522468318942566
-0.36494763697013943,-0.36494763697013943,-0.36494763697013943,-0.309358034645527,-0.309358034645527,-0.2638731476006799,-0.24829614866819202,-0.2405880157495399,-0.23632460550199474,-0.23384287490236882,-0.23259221580004696,-0.23187548352128057,-0.2311599008352011,-0.2307741754698347,-0.230481246628499,-0.23348219685007027,-0.23910097554082968,-0.24690936934843347,-0.25678415837123275,-0.26891815975959554,-0.2838569835707785,-0.3026042850154921,-0.3267690411158174,-0.35828529043196083,-0.3960228511049245,-0.4275459686887506,-0.4399487527016949,-0.44629557178690876,-0.4498610227659341,-0.45195531747168094,-0.4532152252988695,-0.45398354986723555,-0.45445586236078456,-0.45474760977448125,-0.4549283521642208,-0.45504052727727434,-0.455110224697428,-0.4551535594602829,-0.4551805146253415,-0.45519728578212904,-0.45520772230470113,-0.45521421751548197,-0.45521826009408817,-0.45522077626982044,-0.45522234242294524,-0.45522331726480025,-0.455223924054612,-0.455224301752874,-0.4552245368532408,-0.4552246831930998
-1.1482064989494225,-1.1482064989494225,-0.8598534320414928,-1.0993725701197756,-1.1575329071625644,-1.1592075651091596,-1.1682163057017583,-1.1682163057017583,-1.1660433417458782,-1.1549575782418369,-1.1562506002978707,-0.23051639374220298,-0.2302038685299387,-0.23012756068710438,-0.23008012069795938,-0.23005061397387544,-0.23721974838086446,-0.6423765318273523,-0.2839709798450446,-0.2840334690345601,-0.29141277034564617,-0.30597785275874956,-0.32808534184860616,-0.48666747157440804,-0.45555640229149486,-0.4557467343591099,-0.4556241303392977,-0.455491267718134,-0.45539499547525175,-0.4553318069025852,-0.455291693855859,-0.45526654039840053,-0.45525084057997844,-0.4552410585222997,-0.45523496760506055,-0.45523117590887574,-0.4552288157004335,-0.45522734657958225,-0.455226432122782,-0.4552258629164593,-0.4552255086113076,-0.4552252880718717,-0.45522515079547016,-0.4552250653466988,-0.4552250121583852,-0.45522497905085113,-0.4552249584427685,-0.4552249456150794,-0.4552249376303663,-0.45522493266020775
0.8948721534294064,0.8948721534294064,0.8948721534294064,0.8948721534294064,0.8948721534294064,0.8948721534294064,0.8948721534294064,0.8948721534294064,0.8948721534294064,0.8948721534294064,0.8948721534294064,0.8948721534294064,0.8948721534294064,0.8948721534294064,0.8948721534294064,0.8948721534294064,0.4833727204442579,0.4793509722265489,0.47700112450667176,0.4755921770666798,0.4747347665664481,0.4742083860277607,0.47408370829230223,0.47400625814085684,0.47395810907502944,0.4739281616345423,0.4739095296237599,0.47389793545966274,0.473890719921351,0.4738862290679394,0.4738834338979907,0.4738816940972746,0.4738806111726528,0.47387993710796017,0.4738795175346911,0.4738792563691725,0.4738790938049473,0.47387899261559535,0.47387892962944234,0.4738788904231638,0.47387886601886536,0.47387885082818815,0.4738788413726117,0.4738788354869008,0.47387883182328544,0.473878829542834,0.4738788281233458,0.4738788277756867,0.473878827559283,0.47387882742458054
-0.838395830415956,-0.838395830415956,-1.1267488973238857,-0.8663468055037978,-0.6256221765286616,-0.24206727218577542,-0.23716872924334098,-0.23290769806139738,-0.2309598360914376,-0.2305961004835446,-0.23037098534890862,-0.23023136224419585,-0.23014464574217003,-0.23009074456152762,-0.23005722270166,-0.23323401200969202,-0.23896297778576636,-0.24683587078602048,-0.25674385222666884,-0.26889845945545277,-0.28384788290841156,-0.3026003950989651,-0.3267675562810918,-0.4868145088765104,-0.4556046106211217,-0.45577663357808995,-0.455642693712812,-0.4555027911951963,-0.45540215426312636,-0.4553362572090837,-0.4552944617227686,-0.4552682623985008,-0.4552519121115361,-0.45524172537394303,-0.45523538264148156,-0.4552314342321736,-0.45522897648843386,-0.4552274466605719,-0.45522649441796503,-0.45522590169222665,-0.4552255327474713,-0.45522530309558434,-0.4552251601471189,-0.4552250711677097,-0.45522501578172375,-0.4552249813062304,-0.45522495984664973,-0.45522494648893813,-0.4552249381743077,-0.4552249329987891
-1.2839940486328645,-1.2839940486328645,-1.2839940486328645,-1.2839940486328645,-1.230565626843974,-1.193003386578547,-1.1763597871064753,-1.1739826032831906,-1.1776695802096249,-0.6673823698105171,-0.6673823698105171,-0.6673823698105171,-0.6709080718110794,-0.6749953520328179,-0.6804682524224607,-0.6823179271903508,-0.6742566425065379,-0.6650692134029701,-0.6544417557337079,-0.6419095725760109,-0.626767090030194,-0.6079199606921827,-0.5837091929559353,-0.5521737892920489,-0.4673426433542476,-0.4627795198221449,-0.45987370977121017,-0.45804832765670567,-0.4569681727242041,-0.4563039784292563,-0.4558941212922979,-0.45564048468118956,-0.4554832037980284,-0.45538553994906045,-0.45532484139419493,-0.4552870954606415,-0.45526361435497675,-0.4552490038444509,-0.4552399115405452,-0.45523425278330976,-0.4552307307597892,-0.45522853856839623,-0.45522717406700264,-0.45522632473917124,-0.45522579607442004,-0.45522546700493455,-0.4552252621736562,-0.4552251346749393,-0.4552250553123374,-0.4552250059124089
-0.5983967120951066,-0.5983967120951066,-0.5983967120951066,-0.5983967120951066,-0.8391213410702428,-1.1802506483592117,-1.1832124290698267,-1.1832124290698267,-1.1661855558607113,-1.1550285268357796,-1.1461461891356926,-1.1380595371199966,-1.1299930539845753,-1.1327659761812012,-1.1342794301724783,-1.1367398174236936,-1.136281606854416,-1.1364262207376472,-1.1363463041493693,-1.1362561880154818,-1.1361903425147484,-1.1361469970786962,-1.1361194472469507,-1.1361021623031495,-1.1360913708959481,-1.1360846462277627,-1.136080458737998,-1.1360816687413535,-1.136080980691497,-1.1360801995156984,-1.1360796268458322,-1.1360792492185554,-1.1360790056151986,-1.1360788560759707,-1.1360787626831401,-1.1360787882324146,-1.1360787724948391,-1.1360787549494202,-1.1360787408988822,-1.1360787329194029,-1.1360787278386517,-1.1360787246482071,-1.1360787226554558,-1.1360787214133765,-1.136078721814786,-1.1360787223523174,-1.1360787223021183,-1.136078722176629,-1.1360787220754354,-1.136078722003126
1.313086295788288,1.6252498597180705,1.6252498597180702,1.6481327553979774,1.6481327553979774,1.6484361380394148,1.6541978635300407,1.6520220157772814,1.6576442271510308,1.659018710666539,1.6593269665496932,1.6594010019015784,1.659419049736481,1.6592774291510222,1.6592430534523532,1.6592216679053169,1.6592164372702276,1.6592131816888926,1.6592123845005171,1.659211888289592,1.659211579420958,1.6592113871637582,1.6592112674918433,1.659211193001088,1.659211146633678,1.6592111177718731,1.6592110998065817,1.6592110886239215,1.6592110816631715,1.6592110773303885,1.6592110746334074,1.6592110729546463,1.6592110719096858,1.6592110712592405,1.6592110708543648,1.6592110706023462,1.6592110705406222,1.6592110705022014,1.6592110704782863,1.6592110704634,1.6592110704541339,1.6592110704483662,1.6592110704447762,1.6592110704425411,1.65921107044115,1.6592110704402843,1.6592110704397451,1.659211070439613,1.659211070439531,1.65921107043948
-1.7768699840857054,-1.7768699840857054,-1.7768699840857054,-1.7768699840857054,-1.7768699840857054,-1.7768699840857054,-1.7768699840857054,-1.1763260463582794,-1.1748603093575936,-1.1591644144607094,-1.1588409246300184,-1.1443860869796614,-1.1475128753161066,-1.1430520350817075,-1.1405497649226664,-1.1386830819156697,-1.137417385643052,-1.1371315175106251,-1.1367834507429035,-1.136527354365561,-1.1363587374597834,-1.136251658579373,-1.1361845331375222,-1.1361426516628392,-1.1361165645836526,-1.136100324673032,-1.136090216537558,-1.1360877424496907,-1.1360847611892078,-1.1360825526514222,-1.136081035480126,-1.1360801260248305,-1.1360795513869806,-1.1360791957949932,-1.1360789741437494,-1.1360789198579846,-1.1360788544263367,-1.136078805948412,-1.1360787738749227,-1.136078753445641,-1.1360787406153978,-1.136078732601211,-1.1360787276058768,-1.136078724494812,-1.1360787237328545,-1.1360787235462366,-1.1360787230452845,-1.1360787226392197,-1.1360787223633793,-1.1360787221860267
0.45333174031204543,0.45333174031204543,0.45333174031204543,0.45333174031204543,0.45333174031204543,0.45333174031204543,0.45333174031204543,0.46941270591398565,0.46941270591398565,0.4700330441894134,0.4729340457649692,0.4735222797448011,0.473385625829974,0.473385625829974,0.4733524452443181,0.4733524452443181,0.4733524452443181,0.4733524452443181,0.4733524452443181,0.4733524452443181,0.4733524452443181,0.47387882578300544,0.47387882578300544,0.47387882578300544,0.47387882578300544,0.47387882578300544,0.47387882578300544,0.47387882578300544,0.47387882578300544,0.47387882578300544,0.47387882578300544,0.47387882578300544,0.47387882578300544,0.47387882578300544,0.47387882578300544,0.47387882578300544,0.47387882578300544,0.47387882578300544,0.47387882578300544,0.47387882578300544,0.47387882578300544,0.47387882578300544,0.47387882578300544,0.47387882578300544,0.47387882578300544,0.47387882578300544,0.4738788272024937,0.4738788272024937,0.4738788272024937,0.4738788272024937
1.651776265025017,1.651776265025017,1.67181524357178,1.648932347891873,1.648932347891873,1.648628965250436,1.648628965250436,1.6508048130031954,1.6583534916656453,1.6583534916656453,1.6583534916656453,1.6587981810859314,1.6590448084730078,1.6591864290584666,1.6591864290584666,1.659207814605503,1.659207814605503,1.6592110701868377,1.6592110701868377,1.6592110701868377,1.6592110701868377,1.6592110701868377,1.6592110701868377,1.6592110701868377,1.6592110701868377,1.6592110701868377,1.6592110701868377,1.6592110701868377,1.6592110701868377,1.6592110701868377,1.6592110701868377,1.6592110701868377,1.6592110701868377,1.6592110701868377,1.6592110701868377,1.6592110704388565,1.6592110704388565,1.6592110704388565,1.6592110704388565,1.6592110704388565,1.6592110704388565,1.6592110704388565,1.6592110704388565,1.6592110704388565,1.6592110704388565,1.6592110704388565,1.6592110704393956,1.6592110704393956,1.6592110704393956,1.6592110704393956
-1.142310708612502,-1.2933135748004572,-1.2138847320817745,-1.1970485639783188,-1.196091060586581,-1.1803177885194998,-1.1702939616649957,-1.1626545463416016,-1.1560222924764476,-1.149704782322854,-1.1531302471506986,-1.1510636969885812,-1.1364665135995806,-1.1366789407826001,-1.135749681707969,-1.1355351912356146,-1.135483368017804,-1.1359322851533125,-1.1360391420463078,-1.1360651367641663,-1.1360714928894313,-1.1360730489970878,-1.1360734300793665,-1.1360735234112778,-1.1360735462698697,-1.1360735518683573,-1.136073553239531,-1.1360773705654819,-1.136078305274028,-1.1360785341880544,-1.1360785902525594,-1.1360786039837543,-1.1360786073467772,-1.1360786081704441,-1.1360786083721757,-1.13607869218022,-1.136078712706265,-1.13607871773347,-1.136078718964726,-1.1360787192662833,-1.1360787193401405,-1.1360787193582293,-1.1360787193626598,-1.136078719363745,-1.1360787205389737,-1.136078721558176,-1.1360787218077977,-1.1360787218689345,-1.1360787218839081,-1.1360787218875754
0.11806141587540143,0.11806141587540143,0.11806141587540143,0.11806141587540143,0.11806141587540143,-0.20133749296335055,-0.20133749296335055,-0.21517984565193576,-0.21517984565193576,-0.21517984565193576,-0.21517984565193576,-0.21517984565193576,-0.22215027860322795,-0.22532007132556842,-0.22717498378686843,-0.22828273644953,-0.23588090512660237,-0.244731234416123,-0.6287349887803977,-0.3013311962477152,-0.5870735903308409,-0.3512549583143314,-0.5236555999370057,-0.42724336520499906,-0.456058967624627,-0.4554226456706012,-0.45527298284252077,-0.45523667340957785,-0.45522780086715514,-0.4552256289737604,-0.4552250970711896,-0.45522496677884594,-0.4552249348532723,-0.45522492702492695,-0.4552249251019146,-0.45522492462739195,-0.45522492450897467,-0.455224924478608,-0.455224924470324,-0.45522492446776963,-0.4552249244668179,-0.4552249244663824,-0.45522492446615015,-0.45522492446601526,-0.4552249244659339,-0.4552249244658839,-0.45522492446585305,-0.4552249244658339,-0.455224924465822,-0.45522492446581464
-1.331030279974955,-1.1800274137869997,-1.1777151707109086,-1.1945513388143643,-1.1819082394367126,-1.1877430832078077,-1.1739425662988339,-1.1725336483222792,-1.1611700750657135,-1.1583121064866315,-1.1478323419162968,-1.1522769246657525,-1.1370272157277896,-1.134254293531164,-1.135183552605795,-1.1353980430781494,-1.136663739350767,-1.1362148222152586,-1.1361079653222634,-1.1360819706044047,-1.1360756144791397,-1.1360740583714835,-1.1360736772892048,-1.1360735839572935,-1.1360735610987016,-1.136073555500214,-1.136083663635688,-1.136079846309737,-1.136078911601191,-1.1360786826871643,-1.1360786266226592,-1.1360786128914644,-1.1360786095284414,-1.1360786087047745,-1.1360788303560183,-1.136078746547974,-1.1360787260219287,-1.1360787209947238,-1.1360787197634679,-1.1360787194619104,-1.1360787193880533,-1.1360787193699642,-1.1360787193655337,-1.1360787224765985,-1.1360787232385563,-1.136078722219354,-1.1360787219697324,-1.1360787219085955,-1.136078721893622,-1.1360787218899544
-1.9915790828407647,-1.9915790828407647,-1.9915790828407647,-1.9915790828407647,-1.9915790828407647,-1.9915790828407647,-1.9915790828407647,-1.9915790828407647,-1.9915790828407647,-1.9915790828407647,-1.9915790828407647,-1.9915790828407647,-1.9915790828407647,-1.9915790828407647,-1.9915790828407647,-1.9915790828407647,-1.9915790828407647,-1.9915790828407647,-1.9915790828407647,-1.9915790828407647,-1.9915790828407647,-1.9915790828407647,-1.9915790828407647,-1.9915790828407647,-1.9915790828407647,-1.9915790828407647,-1.9915790828407647,-1.9915790828407647,-1.9915790828407647,-1.9915790828407647,-1.9915790828407647,-1.9915790828407647,-1.9915790828407647,-1.9915790828407647,-1.9915790828407647,-1.9915790828407647,-1.9915790828407647,-1.9915790828407647,-1.9915790828407647,-1.9915790828407647,-1.9915790828407647,-1.9915790828407647,-1.9915790828407647,-1.9915790828407647,-1.9915790828407647,-1.9915790828407647,-1.9915790828407647,-1.9915790828407647,-1.9915790828407647,-1.9915790828407647
-0.603481766402724,-0.6129782871995466,-0.6197104828682978,-0.6251432134079379,-0.6299831544223722,-0.6346133315403055,-0.6392610972943022,-1.1471890461627825,-0.6624882249809989,-1.1342504972141092,-0.6762287696822545,-1.1190014003457642,-0.6933548083124867,-0.68836252101397,-0.6852258353078128,-0.2463386999806737,-0.6529059294709791,-0.26973593318119066,-0.6263140783158709,-0.3016173190714134,-0.5870348287722421,-0.3512606684297711,-0.5236548721651603,-0.4272433598081306,-0.45605896577730465,-0.455422644538556,-0.4552729821419773,-0.4552366729750731,-0.45522780059751133,-0.45522562880640427,-0.45522509696731633,-0.45522496671437473,-0.45522493481325704,-0.455224927000091,-0.45522492508650003,-0.4552249246178248,-0.45522492450303687,-0.4552249244749227,-0.45522492446803675,-0.4552249244663501,-0.4552249244659369,-0.4552249244658356,-0.4552249244658108,-0.45522492446580476,-0.4552249244658032,-0.45522492446580287,-0.45522492446580276,-0.45522492446580276,-0.4552249244658027,-0.45522492446580276
-0.625536536881828,-1.1741215527914364,-0.6329866726837791,-1.1662079699909822,-0.6414220643342432,-1.1571810477849251,-0.6511246597419448,-1.1467000796435114,-0.6625109407749904,-1.1342493472087884,-0.6762288334395782,-1.1190013964463976,-0.6933548085777732,-0.6883625211634856,-0.6852258353952423,-0.6799831960892837,-0.2563929955871202,-0.6408135680499603,-0.2841258522665446,-0.6088336683804976,-0.32341487037808486,-0.5591892019828011,-0.3867949741088341,-0.4832064890952895,-0.4543908831445681,-0.4550272043870678,-0.45517686678591596,-0.4552131759542234,-0.4552220483326572,-0.45522422012430686,-0.45522475196373247,-0.4552248822168842,-0.4552249141181327,-0.4552249219313802,-0.4552249238450219,-0.4552249243137286,-0.45522492442853624,-0.45522492445666257,-0.4552249244635561,-0.4552249244652475,-0.4552249244656636,-0.4552249244657667,-0.45522492446579266,-0.4552249244657995,-0.45522492446580143,-0.4552249244658021,-0.4552249244658023,-0.4552249244658024,-0.45522492446580254,-0.45522492446580254
1.6440504101893745,1.331886846259592,1.331886846259592,1.331886846259592,1.3109821669065354,1.3109821669065354,1.3109821669065354,1.3109821669065354,1.3109821669065354,1.3109821669065354,1.3104273687095058,-0.6762288257246534,-0.6794191456017669,-0.6800535469369413,-0.6802027761089174,-0.677104823222233,-0.2565931427953292,-0.640796286692742,-0.2841275718949574,-0.6088334709892294,-0.32341489634641596,-0.5591891982585384,-0.38679497456959755,-0.48320648910017616,-0.45439088314625553,-0.4550272043881049,-0.4551768667865596,-0.45521317595462374,-0.4552220483329064,-0.45522422012446195,-0.45522475196382906,-0.45522488221694435,-0.4552249141181701,-0.4552249219314035,-0.4552249238450364,-0.4552249243137376,-0.4552249244285418,-0.455224924456666,-0.4552249244635583,-0.45522492446524876,-0.45522492446566437,-0.45522492446576723,-0.455224924465793,-0.4552249244657997,-0.45522492446580154,-0.4552249244658021,-0.4552249244658023,-0.4552249244658024,-0.45522492446580254,-0.45522492446580254
-0.011725414769071026,-0.15943246043483356,-0.20012917555035348,-0.21385327028280238,-0.22063336896031885,-0.22439234543212183,-0.22658780700502118,-0.22790506098607927,-0.22870728255442713,-0.22920008181170745,-0.22950436331307986,-0.2296928277021857,-0.2298097795464361,-0.22988243896283989,-0.22992761312293375,-0.6638116715854053,-0.25756676473652207,-0.6407119308876388,-0.2841359682217344,-0.6088325071766194,-0.3234150231435712,-0.5591891800738527,-0.386794976819395,-0.48320648912403663,-0.45439088315449494,-0.4550272043931688,-0.4551768667897022,-0.45521317595657845,-0.4552220483341229,-0.4552242201252191,-0.45522475196430034,-0.45522488221723767,-0.45522491411835275,-0.4552249219315172,-0.45522492384510715,-0.4552249243137817,-0.4552249244285693,-0.45522492445668317,-0.4552249244635689,-0.4552249244652554,-0.45522492446566853,-0.4552249244657698,-0.45522492446579466,-0.45522492446580076,-0.4552249244658022,-0.45522492446580254,-0.4552249244658026,-0.45522492446580265,-0.45522492446580265,-0.45522492446580265
-0.2625557310689122,-0.22754765008529132,-0.22945784267022012,-0.22987151562593866,-0.2299702047856258,-0.22999422499995187,-0.23000009906164964,-0.230001537194296,-0.23000188938776736,-0.2300019756445989,-0.23000199677039138,-0.23000200194448528,-0.23000200321171704,-0.23000200352208572,-0.23000200359810083,-0.6638068596431603,-0.25756713215830357,-0.6407118989628166,-0.28413597140007524,-0.6088325068117714,-0.3234150231915699,-0.5591891800669689,-0.38679497682024666,-0.4832064891240457,-0.45439088315449805,-0.4550272043931707,-0.45517686678970337,-0.45521317595657923,-0.4552220483341234,-0.45522422012521946,-0.45522475196430057,-0.4552248822172378,-0.45522491411835286,-0.4552249219315173,-0.4552249238451072,-0.4552249243137817,-0.4552249244285693,-0.45522492445668317,-0.4552249244635689,-0.4552249244652554,-0.45522492446566853,-0.4552249244657698,-0.45522492446579466,-0.45522492446580076,-0.4552249244658022,-0.45522492446580254,-0.4552249244658026,-0.45522492446580265,-0.45522492446580265,-0.45522492446580265
-1.1777374259850342,-0.629152410075426,-1.1702872901830832,-0.6370659928758803,-1.1618518985326194,-0.6460929150819374,-1.1521493031249177,-0.6565738832233511,-1.140763022091872,-0.669024615658074,-1.1270451294272843,-0.6842725664204649,-0.6810822465433515,-0.6804478452081771,-0.23806842176775536,-0.6632708567872854,-0.25760812837505453,-0.6407083364211316,-0.2841363260795724,-0.6088324660973783,-0.3234150285478782,-0.559189179298791,-0.38679497691528514,-0.4832064891250536,-0.4543908831548461,-0.4550272043933846,-0.45517686678983615,-0.4552131759566618,-0.4552220483341748,-0.45522422012525143,-0.45522475196432044,-0.45522488221725016,-0.4552249141183605,-0.45522492193152203,-0.45522492384511015,-0.4552249243137836,-0.45522492442857043,-0.45522492445668383,-0.4552249244635693,-0.4552249244652557,-0.45522492446566876,-0.45522492446576995,-0.4552249244657947,-0.45522492446580076,-0.4552249244658022,-0.45522492446580254,-0.4552249244658026,-0.45522492446580265,-0.45522492446580265,-0.45522492446580265
-0.19744827617660204,-0.23245635716022295,-0.23054616457529414,-0.2301324916195756,-0.23003380245988847,-0.23000978224556234,-0.23000390818386454,-0.23000247005121818,-0.23000211785774685,-0.23000203160091534,-0.2300020104751228,-0.2300020053010289,-0.23000200403379714,-0.2300020037234285,-0.6723814271638503,-0.24717899214432026,-0.6528417205565511,-0.26974151251047407,-0.6263135228520332,-0.3016173828342274,-0.5870348203837275,-0.35126066963281466,-0.5236548720163205,-0.42724335980655204,-0.45605896577675953,-0.455422644538221,-0.4552729821417695,-0.45523667297494386,-0.4552278005974309,-0.4552256288063542,-0.45522509696728514,-0.4552249667143553,-0.45522493481324494,-0.45522492700008343,-0.4552249250864953,-0.455224924617822,-0.4552249245030351,-0.45522492447492163,-0.4552249244680361,-0.4552249244663497,-0.4552249244659367,-0.4552249244658355,-0.45522492446581075,-0.45522492446580465,-0.45522492446580315,-0.45522492446580276,-0.45522492446580265,-0.45522492446580265,-0.45522492446580265,-0.45522492446580265
